CustID,tollfree,equip,callcard,wireless,longmon,tollmon,equipmon,cardmon,wiremon,longten,tollten,equipten,cardten,wireten,multline,voice,pager,internet,callid,callwait,forward,confer,ebill,loglong,logtoll,logequi,logcard,logwire,lninc,custcat,churn
1001,0,0,1,0,3.7,0,0,7.5,0,37.45,0,0,110,0,0,0,0,0,0,0,1,0,0,1.31,,,2.01,,4.16,1,1
1002,1,0,1,1,4.4,20.75,0,15.25,35.7,42,211.45,0,125,380.35,0,1,1,0,1,1,1,1,0,1.48,3.03,,2.72,3.58,4.91,4,1
1003,1,0,1,0,18.15,18,0,30.25,0,1300.6,1247.2,0,2150,0,0,0,0,0,1,1,0,1,0,2.9,2.89,,3.41,,4.75,3,0
1004,0,0,0,0,9.45,0,0,0,0,288.8,0,0,0,0,0,0,0,0,0,0,0,0,0,2.25,,,,,3.5,1,1
1005,0,0,0,0,6.3,0,0,0,0,157.05,0,0,0,0,0,0,0,0,1,0,1,1,0,1.84,,,,,3.4,3,0
1006,1,0,1,0,11.8,19.25,0,13.5,0,487.4,798.4,0,570,0,0,0,0,0,1,1,0,0,0,2.47,2.96,,2.6,,4.36,3,0
1007,0,0,1,0,10.9,0,0,8.75,0,504.5,0,0,415,0,1,0,0,1,0,1,0,0,1,2.39,,,2.17,,2.94,2,1
1008,1,1,1,1,6.05,45,50.1,23.25,64.9,239.55,1873.05,1820.9,880,2256.7,1,1,1,1,1,1,1,1,1,1.8,3.81,3.91,3.15,4.17,4.33,4,0
1009,1,0,1,0,9.75,28.5,0,12,0,449.05,1240.15,0,505,0,1,0,0,0,1,1,1,1,0,2.28,3.35,,2.48,,5.11,3,0
1010,0,0,1,0,24.15,0,0,16.5,0,1659.7,0,0,1155,0,1,0,0,0,0,0,0,0,0,3.18,,,2.8,,4.28,2,0
1011,0,1,0,0,4.85,0,26.15,0,0,17.25,0,110.1,0,0,0,0,1,1,0,0,0,0,1,1.58,,3.26,,,4.83,1,1
1012,1,0,1,0,7.1,22,0,23.75,0,47.45,166.1,0,145,0,0,1,0,0,1,1,1,1,0,1.96,3.09,,3.17,,4.38,3,0
1013,0,0,1,0,8.55,0,0,41.75,0,308.7,0,0,1650,0,0,0,0,0,0,0,0,0,0,2.15,,,3.73,,3.61,1,0
1014,1,1,0,1,15.6,46.25,46.7,0,61.05,825.35,2624.25,2590.95,0,3348.85,1,1,1,1,1,1,1,1,1,2.75,3.83,3.84,,4.11,4.74,4,1
1015,0,0,0,0,4.4,0,0,0,0,36.8,0,0,0,0,0,0,0,0,0,0,0,0,0,1.48,,,,,3.22,1,0
1016,0,1,1,0,5.1,0,30.25,11.25,0,146.25,0,780.8,295,0,1,0,0,1,0,0,0,0,0,1.63,,3.41,2.42,,4.32,2,0
1017,1,1,1,0,16.15,29.75,31.3,30,0,946.9,1767.6,1788.95,1795,0,1,0,0,0,1,1,1,1,0,2.78,3.39,3.44,3.4,,5.09,3,0
1018,1,0,0,0,6.65,18.5,0,0,0,230.8,614.3,0,0,0,0,0,0,0,0,1,1,1,0,1.89,2.92,,,,3.89,3,0
1019,0,0,0,0,1.05,0,0,0,0,1.05,0,0,0,0,0,0,0,0,0,0,0,0,0,0.05,,,,,3,1,0
1020,0,1,1,1,6.7,0,48.1,24.25,38.3,140.95,0,1132.8,610,910.1,1,1,0,1,1,1,1,1,1,1.9,,3.87,3.19,3.65,4.34,4,1
1021,0,1,0,1,3.75,0,33.8,0,18.7,25.65,0,175.3,0,78.2,1,0,1,1,0,1,0,0,0,1.32,,3.52,,2.93,2.77,2,1
1022,0,0,1,0,20.7,0,0,22,0,1391.05,0,0,1505,0,0,0,0,0,0,0,1,0,0,3.03,,,3.09,,4.79,1,0
1023,0,1,1,1,5.3,0,49.6,26.75,51.4,253.35,0,2499.8,1340,2645.15,1,1,0,1,0,1,1,1,1,1.67,,3.9,3.29,3.94,4.62,4,0
1024,0,0,1,0,15.05,0,0,27.25,0,810.45,0,0,1390,0,0,0,0,0,0,0,0,0,0,2.71,,,3.31,,4.2,1,0
1025,1,0,1,0,12.5,19.75,0,18,0,153.75,273.75,0,215,0,0,0,0,0,1,1,1,1,0,2.53,2.98,,2.89,,3.58,3,0
1026,1,0,1,0,2.2,20.75,0,40.5,0,2.2,20.75,0,40.5,0,0,0,0,0,0,1,1,1,0,0.79,3.03,,3.7,,3.5,3,0
1027,1,1,1,1,8.25,23.5,36.9,28,37.4,399.15,950.65,1532.9,1190,1562,1,1,0,1,1,1,0,1,1,2.11,3.16,3.61,3.33,3.62,3.61,4,0
1028,0,0,0,0,9.1,0,0,0,0,234.95,0,0,0,0,1,0,0,0,1,0,1,0,0,2.21,,,,,3.43,3,0
1029,0,0,0,0,2.9,0,0,0,0,25.25,0,0,0,0,0,0,0,0,1,0,0,0,0,1.06,,,,,2.83,1,0
1030,0,1,0,0,5.55,0,27.35,0,0,75.25,0,330.65,0,0,1,0,0,1,0,0,0,1,1,1.71,,3.31,,,2.94,2,0
1031,0,1,1,0,10.6,0,31.1,18.25,0,582.6,0,1756.35,1005,0,1,0,0,1,0,0,0,0,1,2.36,,3.44,2.9,,3.58,2,0
1032,1,0,1,1,21,56,0,34,49.95,1519.2,4064.3,0,2345,3646.9,1,1,0,1,0,0,1,1,1,3.04,4.03,,3.53,3.91,5.04,4,0
1033,1,0,1,0,6.5,27.5,0,35,0,247.55,1068.25,0,1215,0,0,0,0,0,0,1,1,1,0,1.87,3.31,,3.56,,4.94,3,0
1034,0,1,0,0,4.8,0,19.55,0,0,54.1,0,220.4,0,0,1,0,0,1,0,0,0,0,0,1.57,,2.97,,,4.01,2,0
1035,1,1,1,1,33.9,38.25,44.65,13.75,55.25,1947.95,2326.35,2645.85,840,3125.95,1,1,1,1,0,1,1,1,1,3.52,3.64,3.8,2.62,4.01,5.09,4,0
1036,0,1,0,0,4.25,0,30.55,0,0,82.7,0,547.15,0,0,1,0,0,1,0,0,0,0,1,1.45,,3.42,,,3.95,2,1
1037,1,1,1,1,21.15,39.25,46.35,54.25,54.85,1228.7,2102.25,2421.3,2785,2895.85,1,1,1,1,1,0,0,1,1,3.05,3.67,3.84,3.99,4,5.35,4,0
1038,1,0,1,1,9.8,33.5,0,36,41.65,428.25,1379.55,0,1535,1826.7,1,1,0,0,1,1,1,1,0,2.28,3.51,,3.58,3.73,5.23,3,0
1039,1,0,1,0,6.55,29.25,0,19.75,0,67.8,303.65,0,200,0,0,1,0,0,1,1,1,1,0,1.88,3.38,,2.98,,3.66,3,1
1040,1,0,1,0,41.75,49,0,18.75,0,3043.05,3581,0,1360,0,1,0,0,0,1,1,1,1,0,3.73,3.89,,2.93,,3.09,3,0
1041,1,0,1,0,2.5,19.25,0,53.75,0,31.25,178.2,0,490,0,0,0,0,0,1,1,1,1,0,0.92,2.96,,3.98,,3.4,3,0
1042,1,0,1,0,4.25,30,0,17.75,0,78,426.05,0,255,0,0,0,0,0,1,1,1,1,0,1.45,3.4,,2.88,,3.37,3,0
1043,0,0,0,0,6.2,0,0,0,0,180.15,0,0,0,0,0,0,0,0,1,0,0,0,0,1.82,,,,,3.14,1,0
1044,0,1,0,1,5.65,0,46.75,0,48.5,43.3,0,386.6,0,364.85,1,1,1,1,0,0,0,1,1,1.73,,3.84,,3.88,4.13,4,1
1045,1,0,1,0,14.7,18.75,0,11,0,897.05,1279.25,0,680,0,1,0,0,0,1,1,0,1,0,2.69,2.93,,2.4,,4.33,3,0
1046,0,1,1,0,14.5,0,37,17,0,963.3,0,2263.05,1065,0,1,1,0,1,0,0,0,0,1,2.67,,3.61,2.83,,4.3,2,0
1047,1,0,1,0,12.85,25.75,0,14.25,0,585.6,1278.45,0,635,0,1,0,0,1,0,1,0,0,1,2.55,3.25,,2.66,,4.14,2,0
1048,0,1,1,1,7.75,0,37.45,18.5,38.8,361,0,1717.75,845,1730.4,1,0,1,1,0,1,0,1,1,2.05,,3.62,2.92,3.66,3.58,4,1
1049,0,1,0,0,2.95,0,22.95,0,0,18.9,0,208.55,0,0,0,0,0,0,0,0,0,0,0,1.08,,3.13,,,3.5,1,1
1050,1,0,1,1,3.25,31.5,0,15.5,26.75,16.8,154.65,0,60,98.6,0,0,0,1,1,1,1,1,1,1.18,3.45,,2.74,3.29,3.37,3,1
1051,0,1,0,0,6.3,0,22.5,0,0,150.9,0,690.75,0,0,0,0,0,1,0,0,0,0,0,1.84,,3.11,,,3.3,1,1
1052,0,0,1,0,24.75,0,0,22.25,0,1349.05,0,0,1215,0,1,0,0,0,0,0,0,0,0,3.21,,,3.1,,3.89,2,0
1053,1,1,1,1,7.8,23.75,37.25,22.5,30.05,63,222.55,330.4,185,306.3,1,1,1,1,1,1,1,1,1,2.05,3.17,3.62,3.11,3.4,3.18,4,0
1054,1,0,0,0,4.85,15.5,0,0,0,33.7,136.55,0,0,0,0,0,0,0,0,1,0,0,0,1.58,2.74,,,,3.26,1,0
1055,1,0,1,0,6.25,18.5,0,14.25,0,330.4,942.65,0,725,0,0,0,0,0,1,0,0,0,1,1.83,2.92,,2.66,,3.85,1,0
1056,1,1,0,0,7.2,15.75,28.35,0,0,258.75,553.8,1043.8,0,0,0,0,1,1,1,0,0,1,0,1.97,2.76,3.34,,,4.54,1,1
1057,0,0,0,0,7.65,0,0,0,0,213.45,0,0,0,0,1,0,0,0,0,0,0,0,0,2.03,,,,,3.04,2,0
1058,0,0,1,0,15.5,0,0,34.5,0,967.1,0,0,1910,0,0,0,0,0,0,0,0,0,0,2.74,,,3.54,,3.3,1,0
1059,1,0,1,1,10.4,28,0,19,27.5,447.85,1152,0,800,1036.65,0,0,0,0,1,1,1,1,0,2.34,3.33,,2.94,3.31,3.4,3,0
1060,0,1,1,0,19.7,0,28.15,14.75,0,909.9,0,1319.7,680,0,1,0,0,1,0,0,0,0,1,2.98,,3.34,2.69,,4.84,2,0
1061,1,0,1,0,12.7,27.5,0,11.5,0,676.9,1505.2,0,620,0,0,1,0,0,1,1,1,1,0,2.54,3.31,,2.44,,4.92,3,1
1062,1,0,1,1,28.8,55.5,0,21.25,61.1,1558.1,3119.45,0,1065,3268.05,1,1,1,0,1,1,1,1,0,3.36,4.02,,3.06,4.11,4.38,4,0
1063,0,0,1,0,10.25,0,0,15.75,0,395.85,0,0,550,0,0,0,0,0,0,0,0,0,0,2.33,,,2.76,,3.4,1,0
1064,0,1,1,0,29,0,47.05,24.75,0,1815.4,0,3064.15,1655,0,1,0,1,1,1,0,0,1,0,3.37,,3.85,3.21,,6.08,4,0
1065,1,1,1,1,15.25,24.5,37.45,27.25,30.05,653.7,1037.45,1610.1,1110,1280,1,0,1,1,1,1,1,1,1,2.72,3.2,3.62,3.31,3.4,4.37,4,1
1066,0,0,1,0,9.05,0,0,6.75,0,373.65,0,0,220,0,0,0,0,0,0,0,0,0,0,2.2,,,1.91,,4.14,1,0
1067,1,0,0,0,8.95,21.25,0,0,0,253.55,586.95,0,0,0,0,0,0,0,1,1,1,1,0,2.19,3.06,,,,3.69,3,0
1068,1,0,1,0,57.05,51.5,0,19.25,0,4168.25,3657.9,0,1345,0,1,0,0,0,1,1,1,1,0,4.04,3.94,,2.96,,3.93,3,0
1069,0,0,0,0,6,0,0,0,0,80.7,0,0,0,0,0,0,0,0,0,0,0,0,0,1.79,,,,,3.61,1,0
1070,0,1,1,1,3.15,0,27.25,16.25,17.95,7.9,0,53.25,20,38.2,0,0,0,1,1,0,0,1,1,1.15,,3.31,2.79,2.89,4.11,1,1
1071,0,0,1,0,8.55,0,0,19.75,0,381.5,0,0,710,0,0,0,0,0,0,0,0,0,0,2.15,,,2.98,,3.09,1,0
1072,0,1,0,0,6.6,0,23.3,0,0,96.3,0,350.15,0,0,1,0,0,1,0,0,0,0,1,1.89,,3.15,,,3.78,2,0
1073,0,0,0,0,7.8,0,0,0,0,175.85,0,0,0,0,0,0,0,0,0,0,0,0,0,2.05,,,,,2.83,1,0
1074,0,1,0,1,7.25,0,33.5,0,20.65,359.35,0,1572.7,0,1010.4,1,1,0,1,0,0,0,0,1,1.98,,3.51,,3.03,4.7,2,0
1075,1,0,1,1,24.5,24.75,0,12.5,29.65,1531.9,1569.25,0,780,1875.95,1,0,0,0,1,1,1,1,0,3.2,3.21,,2.53,3.39,4.51,3,0
1076,0,1,0,0,3.15,0,25.05,0,0,16.65,0,172.05,0,0,0,0,1,1,0,0,0,0,1,1.15,,3.22,,,3.83,1,0
1077,0,0,0,0,10.6,0,0,0,0,384.8,0,0,0,0,0,0,0,0,1,1,1,1,0,2.36,,,,,4.44,3,1
1078,0,0,0,0,11.2,0,0,0,0,429.85,0,0,0,0,0,0,0,0,0,0,0,1,0,2.42,,,,,2.3,1,0
1079,1,0,1,0,30.25,30.25,0,30.75,0,2186.2,2036.15,0,2105,0,0,1,0,0,1,1,1,1,0,3.41,3.41,,3.43,,5.5,3,0
1080,1,1,1,1,7.85,44,49.6,10.5,43.75,196.65,1123.25,1159.35,250,1176.55,1,1,1,1,1,1,1,1,1,2.06,3.78,3.9,2.35,3.78,4.38,4,0
1081,1,0,1,0,8.9,33.75,0,5.75,0,379.55,1404.45,0,220,0,1,1,1,1,1,1,1,1,0,2.19,3.52,,1.75,,4.42,4,0
1082,0,1,0,0,1.65,0,21.6,0,0,3.2,0,17.25,0,0,0,0,0,0,0,0,0,1,0,0.5,,3.07,,,3.04,1,1
1083,1,0,1,0,11.85,22.5,0,35,0,230.7,452.75,0,675,0,1,1,1,0,1,1,1,1,0,2.47,3.11,,3.56,,3.18,4,1
1084,1,0,1,0,5.5,31.5,0,19.25,0,185.3,1009.9,0,585,0,0,0,1,0,1,1,1,1,0,1.7,3.45,,2.96,,5.86,3,0
1085,0,1,1,0,14.65,0,40.45,14.25,0,618.15,0,1820.4,690,0,1,0,0,1,0,0,0,0,0,2.68,,3.7,2.66,,5.13,2,0
1086,0,1,0,0,7.25,0,29.15,0,0,243.35,0,923.85,0,0,0,0,0,0,0,0,0,0,1,1.98,,3.37,,,3.83,1,0
1087,0,1,0,0,4.85,0,27.7,0,0,41.85,0,223.05,0,0,1,0,0,0,0,0,0,0,0,1.58,,3.32,,,3.53,2,0
1088,0,1,1,1,17.25,0,48,87.5,33.25,1067.8,0,2864.15,5455,2022.55,1,1,1,1,1,0,1,0,1,2.85,,3.87,4.47,3.5,3.91,4,1
1089,1,1,0,1,3.4,23.75,49.8,0,35.75,10.35,103.1,126.95,0,135.25,0,1,1,1,1,1,1,1,1,1.22,3.17,3.91,,3.58,5.08,4,1
1090,1,0,1,0,7.45,26.75,0,24.75,0,320.9,1163.55,0,1035,0,0,0,0,0,1,1,1,0,0,2.01,3.29,,3.21,,5.36,3,0
1091,0,1,0,0,7.1,0,39.4,0,0,176.2,0,1086.65,0,0,1,0,1,1,0,0,0,0,1,1.96,,3.67,,,4.38,2,0
1092,1,0,0,0,13.2,27.5,0,0,0,495.85,1087.9,0,0,0,0,0,0,0,0,1,0,0,0,2.58,3.31,,,,3.4,1,0
1093,0,1,1,1,12.25,0,38.4,8.75,35.95,631.7,0,1884.1,465,1971.35,1,1,0,1,0,0,0,1,1,2.51,,3.65,2.17,3.58,3.97,2,0
1094,1,0,1,1,5.85,38.25,0,22.25,40.35,216.6,1337.6,0,700,1423.8,1,1,1,1,1,1,1,1,1,1.77,3.64,,3.1,3.7,4.29,4,0
1095,0,0,0,0,3.75,0,0,0,0,12.3,0,0,0,0,0,0,0,0,0,0,0,0,1,1.32,,,,,2.83,1,1
1096,0,1,1,1,10.2,0,36.4,14.5,30.9,196.3,0,570.9,220,529.25,1,1,0,1,1,1,0,0,1,2.32,,3.59,2.67,3.43,3.14,4,1
1097,0,0,0,0,5.7,0,0,0,0,304.4,0,0,0,0,0,0,0,0,0,1,1,1,0,1.74,,,,,3.53,3,0
1098,1,0,1,0,11.55,12.75,0,21.5,0,491.55,583.75,0,910,0,1,0,0,0,0,0,0,0,0,2.45,2.55,,3.07,,4.67,2,1
1099,1,0,1,0,8.65,30.5,0,9,0,426.6,1465.45,0,405,0,0,0,0,0,0,1,1,1,0,2.16,3.42,,2.2,,3.04,3,1
1100,0,0,1,0,19.3,0,0,22.75,0,1323.2,0,0,1370,0,1,0,0,0,0,1,0,0,0,2.96,,,3.12,,4.42,2,0
1101,0,1,1,0,3.05,0,31.3,14,0,40.3,0,390.6,155,0,1,0,0,1,1,1,1,1,1,1.12,,3.44,2.64,,2.83,4,0
1102,0,1,1,0,24.05,0,35.4,21.25,0,1536.55,0,2288.45,1400,0,1,0,0,0,1,0,1,1,1,3.18,,3.57,3.06,,4.33,3,0
1103,1,0,1,0,4,24.75,0,27.25,0,46,299,0,295,0,0,0,0,0,1,1,1,1,0,1.39,3.21,,3.31,,2.94,3,1
1104,0,1,0,0,6.7,0,33,0,0,187,0,918.25,0,0,1,0,1,1,0,0,0,0,1,1.9,,3.5,,,3.89,2,1
1105,0,0,0,0,7.6,0,0,0,0,145.9,0,0,0,0,1,0,0,0,1,0,0,1,1,2.03,,,,,5.15,2,0
1106,1,0,0,1,5,21.75,0,0,24.15,76.2,318.2,0,0,274,1,0,0,0,0,0,1,1,1,1.61,3.08,,,3.18,3.85,2,1
1107,0,0,1,0,9.6,0,0,9.5,0,353.55,0,0,295,0,0,0,0,0,0,0,0,0,0,2.26,,,2.25,,3.71,1,0
1108,1,0,1,1,6.6,39.75,0,37.25,38.25,159.7,1022.45,0,1005,885.1,1,1,1,0,1,1,1,1,1,1.89,3.68,,3.62,3.64,4.65,4,0
1109,0,0,0,0,5.85,0,0,0,0,97,0,0,0,0,0,1,0,1,0,0,0,0,1,1.77,,,,,3.43,1,0
1110,0,0,1,0,25.25,0,0,33,0,1725.1,0,0,2320,0,1,0,0,0,0,0,0,0,0,3.23,,,3.5,,3.71,2,0
1111,0,0,1,0,12.6,0,0,12.5,0,760.3,0,0,745,0,1,0,0,1,0,0,0,0,1,2.53,,,2.53,,4.62,2,0
1112,1,1,0,0,9.95,14.75,26.15,0,0,412.1,663.1,1180.5,0,0,1,0,0,0,0,0,0,0,0,2.3,2.69,3.26,,,3.58,2,1
1113,0,0,0,0,2,0,0,0,0,3.05,0,0,0,0,0,1,0,0,0,0,0,1,1,0.69,,,,,3.18,1,0
1114,0,1,1,0,12.05,0,27.15,6.5,0,666,0,1469.25,335,0,1,0,0,1,0,0,0,0,1,2.49,,3.3,1.87,,3.22,2,0
1115,1,0,1,0,17.3,21.25,0,19.25,0,997.85,1183.55,0,1160,0,1,0,0,0,1,1,1,1,0,2.85,3.06,,2.96,,4.22,3,0
1116,0,0,0,0,4.8,0,0,0,0,71.05,0,0,0,0,0,0,0,1,0,0,0,0,0,1.57,,,,,3,1,0
1117,0,0,0,0,3.8,0,0,0,0,127.7,0,0,0,0,0,0,0,0,0,1,1,1,0,1.34,,,,,3.87,3,0
1118,0,0,0,0,13,0,0,0,0,502.95,0,0,0,0,0,0,0,0,0,1,1,1,0,2.56,,,,,3.69,3,0
1119,0,0,1,0,13.8,0,0,25.5,0,668.65,0,0,1140,0,0,0,0,0,1,1,1,1,0,2.62,,,3.24,,4.37,3,0
1120,1,1,1,0,3.45,15.5,23.3,23.5,0,13.3,48.75,62.95,45,0,0,0,0,1,0,0,1,0,0,1.24,2.74,3.15,3.16,,3.33,1,1
1121,0,0,1,0,14.8,0,0,17,0,708.45,0,0,820,0,0,0,0,0,0,0,0,0,0,2.69,,,2.83,,4.16,1,0
1122,0,0,0,0,12.2,0,0,0,0,415.05,0,0,0,0,0,0,0,0,0,0,0,0,0,2.5,,,,,3.61,1,0
1123,1,0,0,0,4.25,11,0,0,0,55.5,126.45,0,0,0,0,0,0,0,0,0,0,1,0,1.45,2.4,,,,3.87,1,0
1124,0,1,0,1,5.8,0,35.35,0,21.65,103.1,0,527.8,0,331.4,1,0,0,1,0,0,0,0,1,1.76,,3.57,,3.08,4.88,2,1
1125,0,0,0,0,5.4,0,0,0,0,108.5,0,0,0,0,0,0,0,1,0,0,1,0,1,1.69,,,,,2.89,1,1
1126,0,0,1,0,10.15,0,0,17.75,0,538.65,0,0,1030,0,1,0,0,0,0,0,0,0,0,2.32,,,2.88,,3.64,2,0
1127,0,1,1,1,5.35,0,28.1,9,24.7,144.05,0,602.2,200,503.5,0,1,0,1,1,0,0,1,1,1.68,,3.34,2.2,3.21,3.61,4,0
1128,0,1,0,0,9.6,0,26.75,0,0,243.9,0,730.8,0,0,1,0,0,1,0,0,0,0,1,2.26,,3.29,,,4.09,2,1
1129,0,1,0,0,9.45,0,26.85,0,0,117.55,0,364.1,0,0,1,0,0,1,0,0,0,0,0,2.25,,3.29,,,2.56,2,1
1130,1,0,1,1,26.15,84,0,11.25,45.45,1805.1,5850.25,0,720,3243.25,1,1,1,0,1,1,1,1,0,3.26,4.43,,2.42,3.82,4.58,4,0
1131,1,0,1,1,23.15,36.75,0,36,34.3,1420.95,2308.25,0,2205,2082.8,1,0,0,0,0,0,1,1,0,3.14,3.6,,3.58,3.54,5.27,3,1
1132,0,0,0,0,5.2,0,0,0,0,46.9,0,0,0,0,0,0,0,0,0,0,0,0,0,1.65,,,,,3.85,1,1
1133,1,0,1,1,12.4,48.75,0,36.5,58.4,744.45,2695.95,0,2070,3084.2,0,1,1,0,1,1,1,1,0,2.52,3.89,,3.6,4.07,4.17,4,0
1134,0,1,1,0,19.3,0,33.4,50.75,0,930.8,0,1719.4,2585,0,1,1,0,1,0,0,1,0,1,2.96,,3.51,3.93,,5.01,2,1
1135,1,1,1,1,9.05,24.25,41.85,12.25,39.6,568.15,1486.35,2291.35,740,2183.95,1,0,1,0,1,1,1,1,0,2.2,3.19,3.73,2.51,3.68,4.66,3,0
1136,0,0,0,0,4.25,0,0,0,0,6.8,0,0,0,0,0,1,0,1,0,0,0,0,1,1.45,,,,,3.93,1,0
1137,0,0,0,0,9.3,0,0,0,0,316.05,0,0,0,0,0,0,0,0,0,0,0,0,0,2.23,,,,,4.56,1,0
1138,0,0,1,1,4.25,0,0,16.25,26.75,30,0,0,85,146.55,1,0,1,0,1,1,1,1,0,1.45,,,2.79,3.29,3.5,3,0
1139,1,1,1,0,13.9,23.25,28.5,3.75,0,255,574.85,621.25,65,0,1,0,1,0,0,1,1,0,0,2.63,3.15,3.35,1.32,,3.64,3,0
1140,1,1,1,1,3.8,19.25,61.45,19,58.25,31.75,233.4,578.6,200,577.7,1,1,1,1,1,1,1,1,1,1.34,2.96,4.12,2.94,4.06,4.83,4,1
1141,1,1,1,1,8.6,24,41.15,17.75,28,241.45,713.45,1201.4,495,722.8,0,1,1,1,1,1,1,1,0,2.15,3.18,3.72,2.88,3.33,4.98,4,0
1142,1,0,1,0,22.05,34.75,0,9.75,0,841.55,1501.55,0,395,0,1,0,0,0,0,1,0,1,0,3.09,3.55,,2.28,,4.6,3,0
1143,1,1,1,1,4.85,18.25,35.05,34.75,31.65,75.45,338.55,731.05,635,570.65,0,0,1,1,1,1,1,1,1,1.58,2.9,3.56,3.55,3.45,3.09,4,0
1144,0,0,1,0,32.25,0,0,33.5,0,2349.25,0,0,2385,0,1,0,0,0,0,0,0,0,0,3.47,,,3.51,,3.43,2,0
1145,1,1,1,1,1.9,15.75,28.7,5,24.15,3.6,23.05,29.05,5,20.95,0,0,1,0,1,1,1,1,0,0.64,2.76,3.36,1.61,3.18,3.22,3,0
1146,1,1,1,1,20.25,21.25,39.4,9.75,28.35,923.95,968.95,1748.55,445,1246.45,0,0,0,1,0,0,1,1,1,3.01,3.06,3.67,2.28,3.34,4.04,1,0
1147,1,1,1,1,12.1,20.5,54.3,9.75,35.35,492.8,910.25,2059.7,330,1301.1,1,1,1,1,1,1,1,1,1,2.49,3.02,3.99,2.28,3.57,3.71,4,0
1148,0,1,0,0,8.15,0,27.95,0,0,209.35,0,615.8,0,0,1,0,0,1,1,0,1,0,0,2.1,,3.33,,,3,2,1
1149,0,0,1,0,13.65,0,0,20.75,0,817.65,0,0,1195,0,1,0,0,0,0,0,0,1,0,2.61,,,3.03,,4.62,2,0
1150,0,0,1,0,10.25,0,0,10.75,0,681.95,0,0,655,0,1,0,0,0,0,0,0,0,0,2.33,,,2.37,,4.03,2,0
1151,0,0,1,0,17.2,0,0,13.25,0,893.3,0,0,750,0,0,0,0,0,0,0,0,0,0,2.84,,,2.58,,3.09,1,0
1152,1,1,1,0,21.8,27.25,42,8,0,1292,1492.1,2394.75,425,0,1,0,0,1,1,1,0,1,0,3.08,3.31,3.74,2.08,,4.68,3,0
1153,1,1,1,1,12.8,16,39.2,17.25,31,785.7,953.95,2410.1,1015,1799.15,1,1,1,1,1,0,1,1,1,2.55,2.77,3.67,2.85,3.43,4.74,4,0
1154,1,1,1,1,8.1,18,45.6,56.5,66.9,225.4,588.4,1463.8,1880,2304.8,1,1,1,1,0,0,1,0,1,2.09,2.89,3.82,4.03,4.2,3.97,4,0
1155,1,1,1,1,8.95,37.75,54.1,28.5,50.75,396.35,1556.4,1979.1,1020,1934.9,1,1,1,0,1,1,1,1,1,2.19,3.63,3.99,3.35,3.93,5.49,4,0
1156,1,0,1,0,3.35,22.5,0,9.25,0,7.55,49.55,0,15,0,0,1,0,1,1,1,0,1,0,1.21,3.11,,2.22,,3,3,0
1157,0,1,1,0,2.5,0,25.3,13.75,0,9.25,0,99.5,40,0,0,0,0,1,0,0,1,0,1,0.92,,3.23,2.62,,4.81,1,0
1158,0,0,0,0,3.95,0,0,0,0,47.95,0,0,0,0,0,0,0,0,0,0,0,0,0,1.37,,,,,3.53,1,0
1159,0,1,0,0,12.95,0,33.05,0,0,348.9,0,832.85,0,0,1,0,0,1,0,0,0,0,1,2.56,,3.5,,,3.43,2,1
1160,0,0,1,0,7.05,0,0,14.5,0,182.3,0,0,285,0,0,0,0,0,1,1,1,1,0,1.95,,,2.67,,3.85,3,0
1161,1,0,1,0,12.9,27.75,0,8.75,0,669.75,1445.15,0,445,0,0,0,0,0,1,1,1,1,0,2.56,3.32,,2.17,,3.87,3,0
1162,1,0,1,0,14.6,33,0,15.75,0,921.7,1990.2,0,930,0,0,0,0,0,1,1,1,1,0,2.68,3.5,,2.76,,2.56,3,0
1163,0,0,0,0,18.6,0,0,0,0,1179.05,0,0,0,0,0,0,0,0,0,0,0,0,0,2.92,,,,,4.36,1,0
1164,0,0,1,0,6.5,0,0,16,0,198.7,0,0,490,0,0,0,0,0,1,1,0,0,0,1.87,,,2.77,,3.53,3,0
1165,0,1,1,0,17.45,0,39.25,10.25,0,1067,0,2331.65,610,0,1,0,0,1,0,0,0,0,1,2.86,,3.67,2.33,,4.39,2,0
1166,0,1,1,0,45.05,0,33,35,0,3235.9,0,2386.45,2495,0,1,0,0,1,0,0,0,0,0,3.81,,3.5,3.56,,4.45,2,0
1167,0,1,1,1,12.2,0,38.75,9.25,28.05,477.5,0,1429.95,365,1111,0,1,1,1,1,1,1,0,1,2.5,,3.66,2.22,3.33,3.26,4,1
1168,0,0,1,0,4.7,0,0,16.5,0,61.5,0,0,260,0,0,0,0,0,0,0,0,0,0,1.55,,,2.8,,3.93,1,0
1169,0,1,0,0,2.45,0,29.8,0,0,16.35,0,170.2,0,0,0,1,0,0,0,1,0,0,1,0.9,,3.39,,,4.08,1,0
1170,0,1,0,1,21.1,0,38.55,0,25.3,1236.3,0,2190.1,0,1465.35,1,0,0,1,0,0,0,0,1,3.05,,3.65,,3.23,4.72,2,1
1171,1,1,1,1,6.2,18.25,36.65,10.5,28.8,135.2,417.55,748.3,250,649.6,1,1,1,1,1,1,1,1,0,1.82,2.9,3.6,2.35,3.36,4.04,4,0
1172,1,0,1,0,4.35,13,0,8,0,59.15,220.95,0,135,0,0,0,0,0,1,1,0,0,0,1.47,2.56,,2.08,,3.71,1,0
1173,1,1,1,1,14.2,71,73.8,38.75,62.45,928.8,4667.75,4758.05,2460,3704.05,1,1,1,1,1,1,1,1,1,2.65,4.26,4.3,3.66,4.13,5.12,4,0
1174,0,1,0,0,4.65,0,28.35,0,0,35.45,0,166.5,0,0,0,0,0,1,0,0,0,0,1,1.54,,3.34,,,3.37,1,1
1175,0,0,1,0,24.3,0,0,17.25,0,1642.35,0,0,1110,0,1,0,0,0,0,0,0,0,0,3.19,,,2.85,,5.12,2,0
1176,1,0,0,0,4.45,13.5,0,0,0,43.7,109.5,0,0,0,0,0,1,1,0,0,0,1,0,1.49,2.6,,,,3.37,1,1
1177,0,0,1,0,15,0,0,39.25,0,960.95,0,0,2360,0,0,0,0,0,1,0,0,1,0,2.71,,,3.67,,4.64,3,0
1178,1,1,1,1,9.35,20.25,51.35,6,36,311.85,850.65,2099.55,270,1503.65,1,1,1,1,0,1,1,0,0,2.24,3.01,3.94,1.79,3.58,3.83,4,1
1179,1,1,1,1,11,17.5,40.9,6,32.05,350.05,593.1,1347.7,185,1009.5,0,0,1,1,1,1,1,1,1,2.4,2.86,3.71,1.79,3.47,3.83,4,0
1180,0,1,0,0,2.9,0,19.9,0,0,12.05,0,40.15,0,0,0,0,0,0,0,0,0,0,0,1.06,,2.99,,,3.93,1,1
1181,1,1,1,1,14.2,30.5,64.2,31.5,66.55,1007.5,2082.75,4167.7,2125,4399.6,1,1,1,1,1,1,1,1,1,2.65,3.42,4.16,3.45,4.2,4.17,4,0
1182,1,0,1,0,3.15,13.25,0,30.5,0,39.75,110.05,0,275,0,0,0,0,0,1,1,0,0,0,1.15,2.58,,3.42,,3.87,1,0
1183,0,1,0,0,7.1,0,23.4,0,0,125.05,0,484.1,0,0,1,0,0,1,0,0,0,0,0,1.96,,3.15,,,3.83,2,0
1184,0,1,1,0,14.85,0,37,11,0,808.95,0,2012.6,535,0,1,0,0,1,0,0,0,0,1,2.7,,3.61,2.4,,3.76,2,0
1185,0,0,1,0,17.45,0,0,14.75,0,1249.8,0,0,1100,0,1,0,0,0,0,0,0,0,0,2.86,,,2.69,,4.7,2,0
1186,0,0,0,0,4.25,0,0,0,0,97.35,0,0,0,0,0,0,0,0,0,0,0,0,1,1.45,,,,,3.47,1,0
1187,0,0,0,0,4.65,0,0,0,0,57.7,0,0,0,0,0,0,0,1,0,0,0,0,1,1.54,,,,,2.89,1,0
1188,0,1,1,1,14.45,0,35.95,23,24.75,349.9,0,895.05,515,640.8,1,1,1,1,0,0,0,0,1,2.67,,3.58,3.14,3.21,3.26,2,1
1189,1,0,1,1,15,40,0,17.5,45.1,934.05,2465.4,0,1120,2770.35,1,1,0,0,1,1,1,1,0,2.71,3.69,,2.86,3.81,3.53,3,0
1190,1,1,0,0,7.5,30.25,33.9,0,0,226.25,1105.75,1108.5,0,0,1,0,0,1,1,1,1,0,0,2.01,3.41,3.52,,,4.04,3,1
1191,0,0,1,0,10.6,0,0,17,0,565.55,0,0,930,0,0,0,0,0,0,0,0,0,0,2.36,,,2.83,,3.04,1,0
1192,1,1,1,1,5.05,18.5,40.8,12.5,28.85,48.6,199.5,480.85,155,318.9,0,1,1,1,0,1,1,1,1,1.62,2.92,3.71,2.53,3.36,3.64,4,0
1193,0,1,1,0,7.9,0,25.2,5,0,98.35,0,311.65,40,0,1,0,0,1,0,0,0,0,0,2.07,,3.23,1.61,,2.94,2,1
1194,1,0,1,0,36.25,27.75,0,38.5,0,2553.7,1916.25,0,2620,0,1,1,0,0,0,1,0,1,0,3.59,3.32,,3.65,,3.69,3,0
1195,1,1,1,1,6.35,27.25,53.95,11.75,63,118.05,454.05,896.8,175,1049.95,1,1,1,1,1,1,1,1,1,1.85,3.31,3.99,2.46,4.14,4.06,4,0
1196,0,0,0,0,7.45,0,0,0,0,132.9,0,0,0,0,0,0,0,0,0,0,0,0,0,2.01,,,,,4.55,1,1
1197,0,1,0,0,9.25,0,22.7,0,0,202.8,0,428.7,0,0,0,0,0,0,0,0,0,0,0,2.22,,3.12,,,4.74,1,0
1198,1,0,1,0,21.2,24,0,14.5,0,1325.05,1483.55,0,940,0,1,0,0,0,1,1,1,1,0,3.05,3.18,,2.67,,4.85,3,0
1199,0,0,0,0,2.8,0,0,0,0,16.85,0,0,0,0,0,0,0,1,0,0,0,0,1,1.03,,,,,3.5,1,0
1200,0,1,1,0,89.4,0,46.55,18.75,0,6353.9,0,3411.2,1245,0,1,1,1,1,0,0,1,1,0,4.49,,3.84,2.93,,6.13,4,0
1201,0,0,1,0,7.7,0,0,9.5,0,271.55,0,0,330,0,0,0,0,0,0,0,0,0,0,2.04,,,2.25,,5.41,1,0
1202,1,0,1,1,4.45,26.25,0,9.75,35.9,98.35,625.95,0,210,844.95,0,0,1,1,1,1,1,1,0,1.49,3.27,,2.28,3.58,4.8,4,0
1203,0,1,0,0,7,0,35.55,0,0,394.6,0,2182.4,0,0,1,0,0,1,0,1,0,1,0,1.95,,3.57,,,3.14,2,0
1204,0,0,1,0,12.7,0,0,7,0,782.45,0,0,435,0,1,0,0,0,0,0,0,0,0,2.54,,,1.95,,5.25,2,0
1205,1,0,1,1,12.65,21.25,0,34,47.85,448.75,834,0,1165,1801.75,0,1,1,0,1,1,1,1,0,2.54,3.06,,3.53,3.87,5.23,4,1
1206,0,0,0,0,4.6,0,0,0,0,138.7,0,0,0,0,0,0,0,0,0,0,0,0,0,1.53,,,,,4.78,1,0
1207,0,0,1,0,99.95,0,0,12.5,0,7257.6,0,0,875,0,1,0,0,0,0,1,0,1,0,4.6,,,2.53,,3.78,3,0
1208,1,1,1,1,7.5,12.75,48.65,7.5,39.5,66.45,154.9,442.15,60,377.35,1,1,1,1,1,1,1,1,1,2.01,2.55,3.88,2.01,3.68,2.71,4,1
1209,1,0,1,1,49.6,32.75,0,48.75,60.15,3535.8,2378.15,0,3465,4366.2,1,1,0,0,1,1,1,1,0,3.9,3.49,,3.89,4.1,6.51,3,0
1210,1,0,1,0,13.1,18.25,0,18.75,0,757.8,945.15,0,920,0,1,0,0,0,1,1,1,1,0,2.57,2.9,,2.93,,3.5,3,0
1211,0,0,0,0,4.1,0,0,0,0,50.1,0,0,0,0,0,0,0,0,0,0,0,0,0,1.41,,,,,5.52,1,0
1212,0,1,0,0,2.15,0,20.75,0,0,6,0,53.1,0,0,0,0,0,0,0,0,0,0,1,0.77,,3.03,,,4.16,1,1
1213,0,0,1,0,10.4,0,0,12.5,0,403.5,0,0,480,0,0,0,0,0,0,0,0,0,1,2.34,,,2.53,,3.26,1,1
1214,0,0,0,0,3.7,0,0,0,0,91.95,0,0,0,0,1,0,0,1,0,0,1,1,1,1.31,,,,,3.14,2,0
1215,0,0,1,0,14.25,0,0,21,0,611.65,0,0,985,0,1,0,0,0,0,0,0,0,0,2.66,,,3.04,,3.95,2,0
1216,0,0,1,0,26.25,0,0,74,0,1625.35,0,0,4590,0,0,0,0,0,0,0,0,0,0,3.27,,,4.3,,5.3,1,0
1217,0,0,1,0,6.9,0,0,14,0,177.4,0,0,340,0,0,0,0,0,1,1,1,0,0,1.93,,,2.64,,3.33,3,0
1218,1,1,0,0,6.95,25,36.7,0,0,157.1,562.2,829.1,0,0,1,1,0,1,0,1,1,0,1,1.94,3.22,3.6,,,2.94,4,1
1219,1,1,1,1,54.8,67.25,51.35,69.5,55.5,3983.6,4905.85,3761.8,4975,4097.7,1,1,1,1,1,1,1,1,0,4,4.21,3.94,4.24,4.02,4.33,4,0
1220,0,1,0,1,7.75,0,29.3,0,26.15,397.15,0,1638.2,0,1340.75,0,0,0,0,0,0,0,0,1,2.05,,3.38,,3.26,4.25,1,0
1221,0,0,1,0,4.25,0,0,13.25,0,28.65,0,0,75,0,0,0,0,0,1,0,1,1,0,1.45,,,2.58,,3.53,3,0
1222,1,1,0,0,2.7,13,24,0,0,7,35.65,55.9,0,0,1,1,1,0,0,0,1,0,1,0.99,2.56,3.18,,,3.53,4,0
1223,0,0,0,0,6.85,0,0,0,0,258.5,0,0,0,0,0,0,0,0,0,0,0,0,1,1.92,,,,,5.15,1,0
1224,1,0,1,0,12.55,23.5,0,10.25,0,439.55,876.05,0,350,0,0,0,0,0,1,1,1,1,0,2.53,3.16,,2.33,,3.87,3,0
1225,0,0,0,0,1.35,0,0,0,0,9.95,0,0,0,0,0,0,0,0,0,0,0,0,0,0.3,,,,,3.81,1,1
1226,1,0,1,1,15.3,28.5,0,16,32.55,732.35,1352.1,0,790,1559.1,1,1,1,0,1,1,1,1,0,2.73,3.35,,2.77,3.48,4.28,4,1
1227,1,1,1,1,9.1,40.75,48.4,16,50.6,422.7,1802.5,1976.65,675,2244.8,0,1,1,1,1,1,1,1,0,2.21,3.71,3.88,2.77,3.92,4.01,4,0
1228,1,1,1,1,4.5,17,36.2,19.25,33.4,89.1,386.8,772.3,395,653.9,0,0,0,1,0,1,1,0,0,1.5,2.83,3.59,2.96,3.51,3.69,1,0
1229,1,0,1,1,6.1,18.75,0,24.25,22.8,35.1,131.1,0,125,121.75,0,1,0,1,1,1,1,1,0,1.81,2.93,,3.19,3.13,3.26,3,1
1230,1,0,1,0,33.95,87,0,33.5,0,2338.8,5916,0,2180,0,1,0,0,0,1,1,1,1,0,3.52,4.47,,3.51,,4.56,3,0
1231,1,0,1,0,11.05,22.25,0,18.75,0,246.7,504.4,0,370,0,0,0,0,0,1,1,1,1,0,2.4,3.1,,2.93,,3.99,3,0
1232,1,0,1,0,8.1,29.5,0,28.5,0,224.25,774.75,0,730,0,0,0,0,0,1,1,1,1,0,2.09,3.38,,3.35,,3.85,3,0
1233,0,0,1,0,32.2,0,0,82.25,0,2237.35,0,0,5520,0,1,0,0,0,0,0,0,0,0,3.47,,,4.41,,4.96,2,0
1234,0,0,0,0,3.8,0,0,0,0,23.9,0,0,0,0,0,0,0,0,0,0,0,1,0,1.34,,,,,4.04,1,0
1235,1,1,1,1,13.3,31,62.35,10,96.25,867.9,1944.45,3778.75,640,6132.2,1,1,1,1,1,1,1,1,1,2.59,3.43,4.13,2.3,4.57,3,4,0
1236,0,0,1,0,7.7,0,0,9.25,0,363.95,0,0,465,0,1,0,0,0,0,0,1,0,0,2.04,,,2.22,,3.61,2,0
1237,1,0,1,1,11.95,55,0,48,85.85,616.25,2662.1,0,2330,4118.6,1,1,1,0,1,1,1,1,1,2.48,4.01,,3.87,4.45,3.58,4,0
1238,0,1,1,0,13.9,0,33.3,16.5,0,505.55,0,1213.5,600,0,0,0,1,0,1,1,1,1,1,2.63,,3.51,2.8,,3.18,4,0
1239,0,0,0,0,5.25,0,0,0,0,70.25,0,0,0,0,0,0,0,0,0,1,0,0,0,1.66,,,,,3.04,1,0
1240,1,0,1,1,18.9,59.75,0,20.25,59.15,856.3,2522.95,0,885,2525.1,1,1,1,0,1,1,1,1,0,2.94,4.09,,3.01,4.08,5.23,4,0
1241,0,0,1,0,8,0,0,13,0,317.9,0,0,530,0,0,0,0,0,0,0,0,0,0,2.08,,,2.56,,3.4,1,0
1242,1,0,1,1,35.15,34.75,0,21.5,50.7,2537.65,2557.75,0,1440,3571.45,1,1,0,0,1,1,1,1,1,3.56,3.55,,3.07,3.93,4.56,4,0
1243,1,0,1,0,18.6,52.75,0,24,0,1168.45,3257.7,0,1415,0,1,0,1,0,1,1,1,1,0,2.92,3.97,,3.18,,2.71,3,0
1244,0,0,0,0,7.6,0,0,0,0,334.45,0,0,0,0,1,0,0,1,0,0,1,1,0,2.03,,,,,3.22,2,1
1245,0,1,0,0,7.45,0,30.9,0,0,177.2,0,657.25,0,0,0,0,0,1,0,0,0,0,0,2.01,,3.43,,,3.89,1,0
1246,1,0,1,0,13.75,22.75,0,10.25,0,918,1447.4,0,610,0,1,1,0,0,1,0,1,1,0,2.62,3.12,,2.33,,3.64,3,1
1247,1,0,1,0,17.5,15.5,0,16.75,0,1114.45,1141.55,0,1010,0,1,0,0,0,0,0,0,0,0,2.86,2.74,,2.82,,3.37,2,0
1248,0,0,0,0,7.6,0,0,0,0,175.8,0,0,0,0,0,0,0,0,0,1,0,0,0,2.03,,,,,4.01,1,0
1249,1,0,1,0,5.15,14.5,0,24.75,0,163.05,494.55,0,775,0,0,0,0,0,0,0,1,1,0,1.64,2.67,,3.21,,4.16,1,0
1250,0,1,1,1,8.8,0,30.95,23,23.35,305.75,0,1019.15,730,665.35,1,1,0,0,0,0,0,0,0,2.17,,3.43,3.14,3.15,3.74,2,0
1251,0,1,0,0,3.9,0,23.8,0,0,4.6,0,26.45,0,0,0,0,0,1,0,0,0,0,1,1.36,,3.17,,,4.9,1,0
1252,1,0,1,0,9.3,25,0,17,0,459,1006.9,0,750,0,1,0,0,1,1,1,1,0,1,2.23,3.22,,2.83,,4.41,4,0
1253,0,1,0,1,11.05,0,36.3,0,30.15,555.85,0,1816.65,0,1525.15,1,1,0,1,1,0,0,0,1,2.4,,3.59,,3.41,5.03,2,1
1254,0,0,1,0,7.75,0,0,13,0,338.8,0,0,565,0,1,0,0,1,0,0,0,0,0,2.05,,,2.56,,4.97,2,0
1255,0,1,1,0,2.85,0,28.25,19.5,0,7.5,0,48,30,0,0,1,0,1,0,1,1,1,1,1.05,,3.34,2.97,,3.09,4,1
1256,0,0,0,0,21.3,0,0,0,0,788.25,0,0,0,0,0,0,0,0,0,1,1,0,0,3.06,,,,,3.56,3,0
1257,0,1,0,0,4.05,0,31.45,0,0,71.5,0,858.15,0,0,1,1,0,1,0,0,1,0,1,1.4,,3.45,,,4.41,2,1
1258,0,0,1,0,10.9,0,0,41,0,470.9,0,0,1635,0,0,0,0,0,0,0,0,0,0,2.39,,,3.71,,4.11,1,0
1259,0,1,1,1,16.3,0,33.35,10.25,37.9,646.7,0,1108.05,360,1330.6,1,0,1,1,1,1,0,0,1,2.79,,3.51,2.33,3.63,4.62,4,0
1260,1,1,0,1,4.15,15,46.05,0,41.85,30.8,96.6,271.75,0,235.55,1,1,1,1,1,1,1,0,1,1.42,2.71,3.83,,3.73,3.43,4,1
1261,1,0,1,0,14.2,27,0,30,0,1001.2,1840.65,0,2140,0,1,1,1,0,0,1,1,1,0,2.65,3.3,,3.4,,5.14,4,0
1262,0,0,1,0,6.05,0,0,5,0,121.7,0,0,90,0,0,0,0,1,0,1,0,1,1,1.8,,,1.61,,3.26,1,0
1263,1,0,1,0,13.65,29.25,0,22.75,0,831.15,1823.6,0,1310,0,1,0,0,0,1,1,1,1,1,2.61,3.38,,3.12,,4.44,3,0
1264,0,0,1,0,32.9,0,0,15,0,2234.9,0,0,1085,0,1,0,0,0,0,0,0,0,0,3.49,,,2.71,,5.21,2,0
1265,0,0,1,0,10.75,0,0,14.75,0,697.7,0,0,925,0,0,0,0,0,0,0,0,0,0,2.37,,,2.69,,4.2,1,0
1266,0,0,0,0,9.25,0,0,0,0,435.6,0,0,0,0,0,0,0,0,0,1,0,0,0,2.22,,,,,3.74,1,0
1267,1,0,1,0,2.25,13.75,0,11.25,0,16.8,102.55,0,80,0,0,0,0,0,1,0,1,1,0,0.81,2.62,,2.42,,3.43,3,0
1268,1,0,0,0,12.5,23,0,0,0,710.8,1345.95,0,0,0,1,0,0,0,1,1,0,1,0,2.53,3.14,,,,4.56,3,0
1269,0,0,1,0,9.4,0,0,14.75,0,124.2,0,0,215,0,0,0,0,0,1,1,1,0,0,2.24,,,2.69,,3.18,3,0
1270,0,0,0,0,5.05,0,0,0,0,145.85,0,0,0,0,0,0,0,0,1,0,0,0,0,1.62,,,,,3.97,1,0
1271,0,0,0,0,6.75,0,0,0,0,242.7,0,0,0,0,1,0,0,0,1,1,0,1,0,1.91,,,,,2.89,3,0
1272,0,1,1,1,27.15,0,42.7,17,41.15,1632.4,0,2583.85,1015,2521.05,1,0,1,1,1,0,0,0,1,3.3,,3.75,2.83,3.72,3.76,2,0
1273,1,1,1,1,27.5,21.75,52.1,20.25,47.9,1444.45,1219.55,2568.4,960,2368.4,1,1,1,1,1,1,1,1,1,3.31,3.08,3.95,3.01,3.87,4.64,4,0
1274,0,0,0,0,12.15,0,0,0,0,606.1,0,0,0,0,0,0,0,0,0,0,0,0,0,2.5,,,,,3.26,1,0
1275,1,0,1,0,4.3,22.25,0,13.75,0,123.5,744.45,0,435,0,0,1,0,0,1,1,1,1,0,1.46,3.1,,2.62,,4.03,3,0
1276,1,0,1,0,42.9,17.25,0,17.5,0,2706.8,1094.1,0,1190,0,1,0,0,0,0,0,1,0,0,3.76,2.85,,2.86,,3.89,2,0
1277,0,0,1,0,8.5,0,0,8.5,0,298.25,0,0,260,0,1,0,0,0,0,1,0,0,0,2.14,,,2.14,,4.38,2,0
1278,1,0,1,0,28.9,39.25,0,84.75,0,1796.7,2442.75,0,5115,0,1,1,0,0,1,1,1,1,0,3.36,3.67,,4.44,,5.76,3,0
1279,0,0,0,0,12.9,0,0,0,0,589.35,0,0,0,0,1,0,0,0,0,1,1,0,0,2.56,,,,,3.56,3,0
1280,0,0,0,0,8.4,0,0,0,0,300.35,0,0,0,0,0,0,0,0,0,0,1,0,0,2.13,,,,,3.37,1,0
1281,1,1,1,1,11.15,35,77.7,20,80.35,623,1920.5,3925.5,955,4059.9,1,1,1,1,1,1,1,1,1,2.41,3.56,4.35,3,4.39,3.76,4,0
1282,0,1,1,1,5.75,0,51.75,36,36.7,285.4,0,2435.35,1810,1679.45,1,1,1,1,1,1,1,1,1,1.75,,3.95,3.58,3.6,4.38,4,1
1283,1,0,0,0,6.85,27.75,0,0,0,224.85,929.95,0,0,0,0,0,1,0,0,0,1,1,0,1.92,3.32,,,,3.4,3,1
1284,0,1,1,1,23.3,0,48.35,29.75,35.15,1384.45,0,2632.4,1730,1975.7,1,0,0,1,0,0,0,1,0,3.15,,3.88,3.39,3.56,2.2,2,0
1285,0,0,0,0,6.7,0,0,0,0,153.9,0,0,0,0,0,0,0,0,1,0,1,1,0,1.9,,,,,3.14,3,0
1286,1,0,1,1,8.65,21.25,0,6.5,19.65,210.6,567.55,0,145,493.85,0,0,0,1,1,0,1,1,0,2.16,3.06,,1.87,2.98,4.06,3,0
1287,1,0,1,1,12.2,41.5,0,18.75,54.4,532.55,1686.3,0,705,2051.1,1,1,1,0,1,1,1,1,0,2.5,3.73,,2.93,4,3.95,4,0
1288,1,0,0,0,4.7,31,0,0,0,202.5,1135,0,0,0,0,0,0,0,1,1,1,1,0,1.55,3.43,,,,2.64,3,0
1289,1,0,1,0,9.65,28.5,0,11.25,0,364.05,992.4,0,375,0,0,0,0,0,1,1,1,1,0,2.27,3.35,,2.42,,4.7,3,0
1290,1,1,1,0,15.5,19.25,29.6,31.5,0,719.7,905.15,1500.75,1495,0,1,0,0,0,0,1,0,0,0,2.74,2.96,3.39,3.45,,4.09,2,0
1291,1,1,1,0,3.85,23,33.05,6.75,0,55.05,317.5,439.3,75,0,0,0,1,1,1,1,1,0,1,1.35,3.14,3.5,1.91,,4.81,4,0
1292,0,0,1,0,20.6,0,0,31.25,0,1547.45,0,0,2180,0,1,0,0,0,0,0,1,1,0,3.03,,,3.44,,2.71,3,0
1293,0,0,1,0,10.75,0,0,21.25,0,296.9,0,0,600,0,1,0,0,1,0,0,0,0,0,2.37,,,3.06,,3.85,2,1
1294,1,0,1,1,6.65,20.25,0,8,24.65,130.6,445.6,0,180,551.15,1,0,0,1,1,1,0,1,0,1.89,3.01,,2.08,3.2,4.93,3,0
1295,1,1,1,1,5.75,27.5,39.2,40.5,21.4,163.75,676.15,881.45,975,475.55,0,1,1,0,1,1,1,1,0,1.75,3.31,3.67,3.7,3.06,5.88,4,0
1296,1,1,1,1,11.5,26.25,40.7,12,48.3,610.35,1287.7,1943,530,2412.75,1,1,0,1,1,1,1,1,1,2.44,3.27,3.71,2.48,3.88,5.37,4,0
1297,1,0,0,0,6,27.5,0,0,0,167.65,722.5,0,0,0,0,0,0,0,1,0,0,1,0,1.79,3.31,,,,4.16,3,0
1298,0,0,1,0,16.15,0,0,15.75,0,531.35,0,0,480,0,0,1,0,0,0,0,0,0,1,2.78,,,2.76,,3.91,1,0
1299,1,0,1,1,6.15,33.75,0,29.75,44.75,307.65,1603.8,0,1390,2119.35,1,1,1,1,1,1,1,1,0,1.82,3.52,,3.39,3.8,4.48,4,0
1300,0,1,0,0,9.8,0,30.6,0,0,436.45,0,1222.3,0,0,1,0,0,0,0,0,0,0,0,2.28,,3.42,,,4.45,2,0
1301,1,0,1,0,21.7,26.25,0,12,0,1384.05,1721.25,0,785,0,1,0,0,0,1,0,1,0,0,3.08,3.27,,2.48,,2.83,3,0
1302,0,1,0,0,6.45,0,29,0,0,114.3,0,449.95,0,0,0,0,0,1,1,1,1,0,1,1.86,,3.37,,,3.22,3,0
1303,0,1,0,0,8.35,0,22.95,0,0,248.6,0,584.9,0,0,1,0,0,0,0,0,0,0,1,2.12,,3.13,,,3.83,2,0
1304,0,0,1,0,12.75,0,0,38.5,0,782,0,0,2615,0,1,0,0,0,0,0,0,1,0,2.55,,,3.65,,5.89,2,0
1305,0,1,0,0,2.7,0,32.7,0,0,2.7,0,32.7,0,0,0,0,0,1,0,0,0,1,1,0.99,,3.49,,,2.89,1,1
1306,1,1,0,1,4.55,15.75,33,0,23.95,145.95,504.9,869.85,0,618.65,1,0,1,1,0,1,1,0,1,1.52,2.76,3.5,,3.18,2.64,4,1
1307,0,1,0,0,5.15,0,25.55,0,0,110.55,0,350.25,0,0,1,0,0,1,0,0,0,0,1,1.64,,3.24,,,3.53,2,1
1308,1,1,1,0,3.8,30,32.8,8.5,0,52.85,317.75,376.6,95,0,0,0,0,1,1,1,1,1,1,1.34,3.4,3.49,2.14,,2.2,3,0
1309,1,1,1,1,7,24.5,42.8,23.5,30.75,399.75,1229.6,2099.35,1140,1394.5,1,1,1,0,1,1,1,1,0,1.95,3.2,3.76,3.16,3.43,3.66,4,1
1310,0,1,1,0,20.1,0,32.55,22.75,0,1251.4,0,1882.65,1415,0,0,0,0,0,0,0,0,0,0,3,,3.48,3.12,,2.89,1,0
1311,0,1,0,0,3.15,0,20.05,0,0,29.9,0,138.4,0,0,0,0,0,1,0,0,0,0,1,1.15,,3,,,3.22,1,1
1312,0,0,1,0,9.4,0,0,8.75,0,402.1,0,0,395,0,1,0,0,0,0,0,0,0,1,2.24,,,2.17,,3.83,2,1
1313,0,1,0,0,3.95,0,30.75,0,0,95.2,0,681.2,0,0,1,0,0,0,0,0,0,0,0,1.37,,3.43,,,4.54,2,1
1314,1,1,1,1,7.55,41,42.35,23.5,35.75,160.65,863.3,890.75,485,702.95,0,1,1,1,1,1,1,1,0,2.02,3.71,3.75,3.16,3.58,3.26,4,0
1315,1,0,1,1,3.55,18.75,0,29.25,27.9,70.25,285.9,0,525,422.85,0,1,1,0,1,1,1,1,0,1.27,2.93,,3.38,3.33,5.81,4,0
1316,0,1,1,1,7.8,0,42.4,14,23.2,370.8,0,1675.7,535,945.3,0,0,0,1,0,0,1,1,1,2.05,,3.75,2.64,3.14,3.22,1,1
1317,0,0,1,0,8.7,0,0,23.75,0,103.4,0,0,240,0,0,1,0,1,1,0,1,0,0,2.16,,,3.17,,4.6,3,1
1318,0,1,0,0,1.05,0,15.4,0,0,1.05,0,15.4,0,0,0,0,0,0,0,0,0,0,1,0.05,,2.73,,,3.4,1,1
1319,1,1,0,1,4.35,12.75,34.05,0,21.5,11,30.2,75.3,0,28.5,0,1,1,1,1,0,1,0,1,1.47,2.55,3.53,,3.07,3.56,4,1
1320,0,1,0,0,3.9,0,24.15,0,0,94.95,0,574.35,0,0,0,1,0,0,0,0,0,0,0,1.36,,3.18,,,3.93,1,1
1321,1,1,1,1,3.5,25,43.65,24.5,27.7,82.3,638.1,1054.4,625,633.4,1,1,1,1,1,1,1,1,1,1.25,3.22,3.78,3.2,3.32,3.89,4,1
1322,1,0,1,0,9.55,16.5,0,8.25,0,323.65,614.15,0,225,0,1,0,0,0,0,1,0,1,0,2.26,2.8,,2.11,,3.99,3,0
1323,0,1,0,0,4.3,0,32.1,0,0,17.55,0,121.55,0,0,1,0,0,1,0,0,0,0,1,1.46,,3.47,,,3.83,2,1
1324,1,1,1,1,5.5,16,42.65,3.75,41.3,189.05,543.15,1247.3,100,1269.1,0,1,1,1,1,0,0,1,1,1.7,2.77,3.75,1.32,3.72,4.51,4,1
1325,0,0,0,0,4.05,0,0,0,0,33.75,0,0,0,0,0,0,0,0,0,0,1,0,0,1.4,,,,,3.14,1,0
1326,0,0,1,0,75.45,0,0,18.25,0,5464.6,0,0,1305,0,1,0,0,0,0,1,0,1,0,4.32,,,2.9,,5.84,3,0
1327,1,1,0,0,3,15.75,31.15,0,0,9.15,53.05,87.6,0,0,0,0,0,1,0,0,0,0,1,1.1,2.76,3.44,,,3.81,1,1
1328,1,0,1,0,14.35,32.25,0,16.75,0,775.9,1749.4,0,845,0,1,0,0,0,1,1,1,1,0,2.66,3.47,,2.82,,3.97,3,0
1329,1,1,0,1,7.8,36.5,38.7,0,27.9,204.25,884.2,914.5,0,764.55,1,0,1,1,1,0,1,1,1,2.05,3.6,3.66,,3.33,2.64,4,1
1330,0,1,0,0,14.05,0,25.1,0,0,187.4,0,303.6,0,0,0,0,0,1,0,1,0,0,0,2.64,,3.22,,,4.2,1,0
1331,0,1,1,0,9,0,30.45,17.5,0,150.7,0,649.1,370,0,0,0,1,0,0,0,1,0,1,2.2,,3.42,2.86,,3.89,1,0
1332,0,0,1,0,19.05,0,0,14,0,1174.6,0,0,900,0,0,0,0,0,0,0,0,0,0,2.95,,,2.64,,3.61,1,0
1333,1,0,1,0,9.6,24.25,0,11.25,0,285.35,563.5,0,295,0,0,0,0,0,0,0,0,1,0,2.26,3.19,,2.42,,3.5,1,0
1334,0,1,1,1,4.9,0,44.6,6.25,41.35,91.55,0,878,90,815.8,1,1,1,1,1,0,1,1,1,1.59,,3.8,1.83,3.72,3.83,4,0
1335,0,1,1,0,18.85,0,32,42.75,0,1200.7,0,2189.8,2665,0,1,0,0,0,0,0,0,0,1,2.94,,3.47,3.76,,4.53,2,0
1336,0,0,0,0,4.25,0,0,0,0,143.35,0,0,0,0,0,0,0,0,0,0,0,0,0,1.45,,,,,3.87,1,0
1337,1,0,1,0,7.3,20.5,0,7.5,0,257.6,769.4,0,260,0,0,0,0,0,1,1,0,1,0,1.99,3.02,,2.01,,5.21,3,0
1338,0,0,1,0,5.4,0,0,8.5,0,120.4,0,0,205,0,0,0,0,0,0,0,0,0,0,1.69,,,2.14,,2.77,1,0
1339,1,0,1,0,6.65,9.75,0,8,0,35.2,44.8,0,30,0,0,0,0,0,0,0,0,0,0,1.89,2.28,,2.08,,2.4,1,0
1340,1,0,0,0,12.25,23.75,0,0,0,373.8,674.5,0,0,0,1,0,0,0,1,0,0,1,0,2.51,3.17,,,,3.74,3,0
1341,0,0,0,0,7.25,0,0,0,0,149.1,0,0,0,0,0,0,0,0,0,0,0,0,0,1.98,,,,,4.2,1,0
1342,1,1,1,1,27.3,23.25,69.4,7.75,52.4,1963.95,1645.8,4980.8,520,3790.55,1,1,1,1,1,1,0,1,1,3.31,3.15,4.24,2.05,3.96,5.2,4,0
1343,0,1,0,0,7,0,26.8,0,0,232.9,0,738.9,0,0,0,0,0,1,0,0,0,1,1,1.95,,3.29,,,3.97,1,0
1344,1,1,1,1,49.25,41.5,50.9,27.25,68.1,3599.3,3015.6,3469.15,1850,4828.2,1,1,1,1,1,1,1,1,0,3.9,3.73,3.93,3.31,4.22,5.15,4,0
1345,1,0,1,0,14.75,42.25,0,16.25,0,822.25,2396.65,0,830,0,0,0,0,0,1,1,1,1,0,2.69,3.74,,2.79,,4.47,3,0
1346,0,1,0,0,4.15,0,24.3,0,0,39.7,0,167.05,0,0,0,0,0,0,0,0,0,0,0,1.42,,3.19,,,3.04,1,1
1347,0,0,0,0,6.25,0,0,0,0,201.35,0,0,0,0,1,0,0,1,0,0,0,0,1,1.83,,,,,2.2,2,0
1348,1,0,0,0,3.5,28.25,0,0,0,179.95,1284.55,0,0,0,0,0,0,0,0,1,1,1,0,1.25,3.34,,,,4.97,3,1
1349,1,1,1,1,12.4,28,51.7,19.5,52.9,755.7,1721.25,3035.75,1135,3094.65,1,1,1,1,1,1,1,1,1,2.52,3.33,3.95,2.97,3.97,4.76,4,0
1350,1,1,1,1,16.7,38.25,53.45,22.75,72.6,681.5,1676.2,2253.95,880,2805.75,1,1,1,1,1,1,1,1,0,2.82,3.64,3.98,3.12,4.28,4.08,4,0
1351,1,0,1,0,23.55,48.25,0,21,0,1665.6,3474.05,0,1465,0,1,1,1,0,1,1,1,1,0,3.16,3.88,,3.04,,6.23,4,0
1352,1,0,1,0,81.55,62.25,0,15.5,0,5988.5,4439.25,0,1150,0,1,0,1,0,1,1,1,1,0,4.4,4.13,,2.74,,5.4,3,0
1353,0,0,1,0,6.05,0,0,21.25,0,306.9,0,0,880,0,0,0,0,0,1,0,0,0,0,1.8,,,3.06,,4.47,1,0
1354,1,1,1,1,1.6,17.25,31.1,12.75,19.85,6.15,78.85,128.95,60,69.9,0,1,0,0,1,1,1,1,0,0.47,2.85,3.44,2.55,2.99,3.53,3,1
1355,0,0,0,0,8.55,0,0,0,0,162.25,0,0,0,0,1,0,0,0,0,0,0,0,0,2.15,,,,,2.89,2,0
1356,1,0,1,0,26.7,42.75,0,20.5,0,1874.25,2921.35,0,1465,0,1,1,0,0,1,1,1,1,0,3.28,3.76,,3.02,,4.17,3,0
1357,0,1,1,0,13.55,0,30.65,12.75,0,849,0,1761.4,685,0,1,0,0,1,0,0,0,0,1,2.61,,3.42,2.55,,4.87,2,0
1358,0,1,0,0,6.4,0,29.05,0,0,124.45,0,550.75,0,0,1,0,0,0,0,0,1,1,1,1.86,,3.37,,,3.78,2,0
1359,1,0,1,0,41.95,25.75,0,33.25,0,3114.75,1871.95,0,2305,0,1,0,0,0,1,1,1,1,0,3.74,3.25,,3.5,,4.14,3,0
1360,1,0,1,1,4.6,38.5,0,37.75,23.5,123,1267.1,0,1205,707.4,0,0,0,0,1,1,1,1,0,1.53,3.65,,3.63,3.16,4.04,3,0
1361,0,0,1,0,3,0,0,6,0,68.35,0,0,105,0,0,0,0,0,1,0,1,1,0,1.1,,,1.79,,5.58,3,0
1362,1,0,1,0,4.4,9,0,28.25,0,35.1,57.8,0,155,0,0,0,0,0,1,1,1,1,0,1.48,2.2,,3.34,,3.33,3,1
1363,1,1,1,0,11,24,31.1,28.25,0,325,796.95,856.2,880,0,1,1,0,1,1,1,1,1,0,2.4,3.18,3.44,3.34,,3.26,4,0
1364,0,1,1,0,10.95,0,27.2,12.25,0,412.8,0,958.85,465,0,1,0,0,1,0,0,0,0,1,2.39,,3.3,2.51,,3.64,2,0
1365,1,0,1,0,16.85,23.25,0,18.5,0,888.45,1250.7,0,995,0,0,0,1,0,0,1,1,0,0,2.82,3.15,,2.92,,4.08,3,0
1366,0,0,1,0,7.5,0,0,6.25,0,273.7,0,0,230,0,0,0,0,0,0,0,0,0,0,2.01,,,1.83,,4.76,1,0
1367,1,1,0,1,10.75,33,47.4,0,45.85,551,1556.2,2138.25,0,2168.4,1,1,1,1,1,1,0,1,1,2.37,3.5,3.86,,3.83,4.25,4,1
1368,1,0,1,0,16,30.5,0,13.75,0,1120.75,2104.65,0,925,0,1,1,0,0,1,1,1,1,0,2.77,3.42,,2.62,,4.64,3,0
1369,0,0,1,0,18.4,0,0,24.75,0,1162.9,0,0,1510,0,0,0,0,0,0,0,0,1,0,2.91,,,3.21,,4.26,1,0
1370,1,1,1,1,18.85,30,51.95,18.75,47.3,1230.7,1820.3,3045.8,1095,2840.2,1,1,1,1,1,1,1,1,1,2.94,3.4,3.95,2.93,3.86,4.25,4,1
1371,1,1,1,1,25.1,26.75,44.95,11.5,27.4,1418.35,1435.25,2451.85,645,1553.5,0,0,1,1,1,1,0,0,1,3.22,3.29,3.81,2.44,3.31,4.03,4,0
1372,1,0,0,0,13.35,25.75,0,0,0,572.4,987.7,0,0,0,0,0,0,0,0,1,0,1,0,2.59,3.25,,,,4.22,3,0
1373,0,0,1,0,18.1,0,0,35.25,0,1114.75,0,0,2200,0,1,0,0,0,0,0,0,0,0,2.9,,,3.56,,4.38,2,0
1374,1,1,0,1,3.55,11,44.75,0,30.8,56.85,182.25,638.55,0,438.4,1,1,1,1,0,0,1,0,1,1.27,2.4,3.8,,3.43,3.04,4,0
1375,0,0,0,0,4.45,0,0,0,0,36.85,0,0,0,0,0,0,0,0,0,0,0,0,0,1.49,,,,,4.23,1,0
1376,0,0,0,0,7.75,0,0,0,0,148.75,0,0,0,0,0,0,0,0,0,0,0,0,0,2.05,,,,,3.66,1,0
1377,1,0,1,0,6.8,17.75,0,14,0,245.95,558.35,0,425,0,1,0,1,1,0,1,0,0,1,1.92,2.88,,2.64,,4.5,2,0
1378,0,0,1,0,14.85,0,0,17.5,0,978.35,0,0,970,0,1,0,0,0,0,0,0,0,0,2.7,,,2.86,,4.16,2,0
1379,1,1,1,1,7.75,19.75,35.15,17,31.15,315.9,859.6,1535.05,770,1448.4,0,1,1,0,1,1,1,1,1,2.05,2.98,3.56,2.83,3.44,3.33,4,0
1380,0,0,1,0,7.5,0,0,15.75,0,224.25,0,0,485,0,0,0,0,0,0,0,0,0,1,2.01,,,2.76,,3.18,1,0
1381,0,0,0,0,4.05,0,0,0,0,48.85,0,0,0,0,0,0,0,0,0,0,0,0,0,1.4,,,,,3.78,1,0
1382,0,1,0,0,5.4,0,28.35,0,0,60.15,0,253.35,0,0,1,0,1,1,0,0,0,0,1,1.69,,3.34,,,3.47,2,1
1383,0,0,1,0,29.95,0,0,29,0,2142.8,0,0,1915,0,1,0,0,0,0,0,1,1,0,3.4,,,3.37,,3.95,3,0
1384,0,0,0,0,7.5,0,0,0,0,199.65,0,0,0,0,1,0,0,0,0,0,0,0,0,2.01,,,,,2.71,2,0
1385,1,1,1,0,27.1,18.5,42.5,37.5,0,1408.35,935,2297.85,2015,0,1,0,1,1,0,0,0,0,0,3.3,2.92,3.75,3.62,,3.83,2,0
1386,1,0,1,1,17.55,30.75,0,21.25,46.7,1035.2,1863.15,0,1245,2640,1,0,1,0,1,1,1,1,0,2.87,3.43,,3.06,3.84,4.67,3,0
1387,0,0,1,0,13.45,0,0,16,0,470.9,0,0,470,0,0,0,0,0,0,1,0,0,0,2.6,,,2.77,,4.03,1,0
1388,0,1,1,1,24.35,0,46.6,15.25,37.45,1585.85,0,3013.25,1015,2396.15,1,1,1,1,1,0,1,0,1,3.19,,3.84,2.72,3.62,3.69,4,0
1389,1,0,1,0,5.4,18,0,15,0,76.75,274.95,0,225,0,0,0,0,0,1,1,1,0,0,1.69,2.89,,2.71,,4.03,3,0
1390,0,1,1,1,24.15,0,34.8,17.75,33.2,1546.55,0,2214.1,1115,2148.15,1,1,0,1,0,0,1,0,1,3.18,,3.55,2.88,3.5,3.83,2,0
1391,0,0,1,0,7.25,0,0,21.75,0,329.95,0,0,945,0,0,0,0,0,0,0,0,0,0,1.98,,,3.08,,3.93,1,1
1392,1,0,1,1,53.75,68.5,0,10.25,43.95,3776.1,4938.6,0,780,3102.2,1,1,1,0,1,1,1,1,0,3.98,4.23,,2.33,3.78,2.48,4,0
1393,1,1,1,1,25.05,39,56.8,32.75,51,1541.9,2536.1,3279.9,1980,3182.65,1,1,1,1,1,1,1,1,1,3.22,3.66,4.04,3.49,3.93,3.53,4,1
1394,1,1,1,1,12.4,35,48.3,5.75,43.5,660.85,1919.75,2484.3,315,2259.8,1,1,1,1,1,1,0,1,1,2.52,3.56,3.88,1.75,3.77,3.3,4,0
1395,1,0,1,0,12.9,28.25,0,14,0,363.65,820.15,0,370,0,0,0,0,1,1,1,1,1,0,2.56,3.34,,2.64,,3.74,3,0
1396,0,1,0,1,5.05,0,46.9,0,42.65,141.95,0,1262.7,0,1189.9,1,1,1,1,0,0,0,1,1,1.62,,3.85,,3.75,4.78,4,1
1397,1,0,1,1,18.3,33.5,0,15.5,17.45,546.35,1090.65,0,510,559.45,0,0,0,0,1,1,1,1,0,2.91,3.51,,2.74,2.86,4.98,3,0
1398,0,0,1,0,12.5,0,0,15,0,638.7,0,0,755,0,1,0,0,0,0,0,0,0,0,2.53,,,2.71,,3.93,2,0
1399,1,1,1,1,16.35,33.5,38.95,18.75,30.6,729.3,1613.6,1763.1,920,1408.5,0,1,0,0,1,1,1,1,1,2.79,3.51,3.66,2.93,3.42,4.45,3,0
1400,1,0,1,0,19.65,31,0,19.75,0,1008.8,1661.3,0,1050,0,0,0,0,1,1,1,1,1,0,2.98,3.43,,2.98,,3.3,3,0
1401,0,0,0,0,8.1,0,0,0,0,289.75,0,0,0,0,1,0,0,0,0,0,0,0,0,2.09,,,,,3.64,2,0
1402,1,0,1,0,7.65,25,0,13.5,0,344,1060.65,0,465,0,0,1,0,0,1,1,1,1,0,2.03,3.22,,2.6,,6.83,3,0
1403,0,0,1,0,12.65,0,0,16.5,0,558.85,0,0,760,0,1,0,0,0,0,0,0,0,0,2.54,,,2.8,,3.04,2,0
1404,0,0,1,0,25.1,0,0,21.5,0,1659.1,0,0,1530,0,1,1,0,0,0,0,1,1,0,3.22,,,3.07,,3.18,3,0
1405,0,0,1,0,13.8,0,0,47,0,840.15,0,0,2790,0,0,0,0,0,0,0,0,0,0,2.62,,,3.85,,4.51,1,0
1406,1,0,1,0,30.3,26.5,0,51.25,0,2201,1981.65,0,3450,0,1,0,0,0,1,0,0,1,0,3.41,3.28,,3.94,,3.64,3,0
1407,1,1,1,1,5.25,22,61.95,8.75,57.8,213.45,951.95,2803.5,360,2451.6,1,1,1,1,1,1,1,1,1,1.66,3.09,4.13,2.17,4.06,4.56,4,0
1408,0,1,1,0,10.95,0,24.5,9.75,0,504.3,0,1032.75,410,0,1,0,0,1,0,0,0,0,1,2.39,,3.2,2.28,,4.56,2,0
1409,0,0,1,0,6.5,0,0,13.25,0,265.45,0,0,460,0,0,0,0,0,0,0,0,0,0,1.87,,,2.58,,3.99,1,0
1410,1,0,0,0,8.2,15,0,0,0,303.95,595.6,0,0,0,1,1,0,1,1,1,0,0,0,2.1,2.71,,,,7.42,2,0
1411,1,1,1,1,13.2,46,53.15,11.5,46.4,593.35,2412.65,2499,540,2280,1,1,1,0,1,1,1,1,0,2.58,3.83,3.97,2.44,3.84,3.97,4,0
1412,0,0,0,0,2.6,0,0,0,0,16.1,0,0,0,0,0,0,0,0,0,0,0,0,1,0.96,,,,,3.04,1,1
1413,0,1,0,1,4.3,0,32.55,0,25.4,47.45,0,332,0,255.7,1,0,0,1,0,0,0,0,1,1.46,,3.48,,3.23,3.95,2,1
1414,0,0,1,0,38.2,0,0,28.25,0,2751.65,0,0,2005,0,1,0,0,0,0,0,0,0,0,3.64,,,3.34,,2.83,2,0
1415,0,0,1,0,31.6,0,0,26,0,2112.25,0,0,1690,0,1,0,0,0,1,1,1,0,0,3.45,,,3.26,,5.57,3,0
1416,0,1,1,0,19.9,0,41.7,23.75,0,1144.6,0,2275.7,1335,0,1,1,1,1,0,0,0,0,1,2.99,,3.73,3.17,,3.53,2,0
1417,0,0,0,0,2.25,0,0,0,0,41.8,0,0,0,0,0,0,0,0,0,0,0,0,0,0.81,,,,,4.67,1,0
1418,1,1,1,0,9.85,20.75,27.65,36,0,671.2,1391.85,1729.2,2305,0,1,0,0,0,0,1,0,1,0,2.29,3.03,3.32,3.58,,4.2,3,0
1419,0,1,0,0,4.65,0,32.05,0,0,64.45,0,207.85,0,0,1,0,0,1,0,0,0,0,1,1.54,,3.47,,,3.61,2,1
1420,0,1,0,0,0.9,0,23.85,0,0,0.9,0,23.85,0,0,0,1,1,0,1,0,0,0,1,-0.11,,3.17,,,3.04,1,1
1421,0,0,0,0,3.6,0,0,0,0,166.75,0,0,0,0,1,0,0,0,0,0,0,0,0,1.28,,,,,3.09,2,0
1422,0,1,0,0,3.6,0,28.7,0,0,14.95,0,110.15,0,0,0,1,0,1,0,0,0,0,1,1.28,,3.36,,,4.26,1,0
1423,1,0,0,0,8.1,15,0,0,0,144.4,251.1,0,0,0,0,0,0,0,1,1,1,0,0,2.09,2.71,,,,4.34,3,0
1424,1,1,1,1,2.95,17,39.3,20,34.3,16.8,134.25,296.7,165,260.8,0,1,1,1,1,1,1,1,1,1.08,2.83,3.67,3,3.54,2.89,4,1
1425,0,0,1,0,4.2,0,0,16.5,0,243.1,0,0,800,0,1,0,0,0,0,0,0,0,0,1.44,,,2.8,,3.91,2,0
1426,0,1,1,0,22.7,0,32.9,8.5,0,1257.4,0,1846.85,525,0,1,0,0,1,0,0,0,0,1,3.12,,3.49,2.14,,3.5,2,0
1427,1,0,1,0,11.95,32,0,53,0,757.6,1999.95,0,3250,0,1,0,1,0,1,1,1,1,1,2.48,3.47,,3.97,,4.54,4,0
1428,0,0,1,0,9.45,0,0,11,0,383.45,0,0,475,0,0,0,0,0,0,0,0,0,0,2.25,,,2.4,,5.34,1,0
1429,1,0,1,1,5.05,35.5,0,10.5,23.3,64.85,452.3,0,115,244.3,0,1,0,0,1,1,1,1,0,1.62,3.57,,2.35,3.15,3.43,3,0
1430,0,0,1,0,21.85,0,0,46.5,0,1589.1,0,0,3265,0,1,0,0,0,0,0,0,0,0,3.08,,,3.84,,4.19,2,0
1431,0,0,1,0,5.95,0,0,5.25,0,236.3,0,0,175,0,0,0,0,0,0,0,0,0,0,1.78,,,1.66,,3.93,1,0
1432,0,0,1,0,26.8,0,0,21.75,0,1774.75,0,0,1480,0,1,0,0,0,0,0,0,0,0,3.29,,,3.08,,4.77,2,0
1433,0,1,0,0,4.75,0,21.4,0,0,41.4,0,291.4,0,0,0,0,0,1,0,0,0,0,1,1.56,,3.06,,,3.22,1,1
1434,0,1,1,0,12.1,0,44.9,24.5,0,479.95,0,1853.3,1005,0,1,1,0,1,0,1,0,0,1,2.49,,3.8,3.2,,4.08,2,0
1435,1,1,1,1,4.75,23,38.55,13.5,42.7,48,221.35,427.65,155,387.95,0,1,1,1,1,1,1,1,1,1.56,3.14,3.65,2.6,3.75,3,4,1
1436,1,1,1,1,7.1,40.75,39.75,16.5,50.85,314.8,1849.5,1717.2,775,2239.65,1,1,1,1,1,1,1,1,1,1.96,3.71,3.68,2.8,3.93,4.14,4,1
1437,1,0,1,0,13.35,18.5,0,18.5,0,709.25,978.85,0,915,0,0,0,0,0,0,0,0,1,0,2.59,2.92,,2.92,,3.58,1,0
1438,0,1,1,1,8,0,38.5,20.5,40.05,336.9,0,1573.85,770,1713.3,1,1,1,1,1,1,1,1,1,2.08,,3.65,3.02,3.69,4.28,4,0
1439,1,0,1,0,12.85,21.75,0,17,0,622.75,1018.55,0,790,0,0,1,0,0,1,1,0,0,0,2.55,3.08,,2.83,,3.91,3,0
1440,1,1,1,1,4.9,26,41.55,10,36.4,19.65,95.95,111.7,25,142.9,0,1,1,1,1,1,1,1,1,1.59,3.26,3.73,2.3,3.59,3.66,4,1
1441,1,1,1,1,9.65,39.25,51.15,53.5,74.8,483.55,2053.2,2658.05,2675,3817.55,1,1,1,1,1,1,1,1,1,2.27,3.67,3.93,3.98,4.31,3.99,4,0
1442,1,0,1,0,3.8,26.5,0,20.5,0,3.8,26.5,0,20.5,0,0,0,0,0,1,1,1,0,0,1.34,3.28,,3.02,,2.2,3,0
1443,1,1,0,0,4.05,22.25,31.8,0,0,79.45,396.35,543.85,0,0,0,1,1,1,0,1,1,1,1,1.4,3.1,3.46,,,3.5,4,0
1444,0,0,0,0,7.4,0,0,0,0,246.55,0,0,0,0,0,0,0,0,0,0,1,0,0,2,,,,,3.33,1,0
1445,1,0,0,1,7,26.5,0,0,26.1,321.95,1161.3,0,0,1173.45,0,0,1,0,1,1,1,1,0,1.95,3.28,,,3.26,3.78,3,0
1446,0,0,1,0,23.95,0,0,10,0,1513,0,0,615,0,1,0,0,0,0,0,0,0,0,3.18,,,2.3,,3.53,2,0
1447,1,0,1,0,16.05,18.75,0,8.25,0,930.4,1096,0,365,0,1,0,0,0,1,1,1,1,0,2.78,2.93,,2.11,,4.22,3,0
1448,0,0,1,0,10.2,0,0,17.5,0,640.75,0,0,1020,0,0,0,0,0,0,0,0,0,0,2.32,,,2.86,,3.61,1,0
1449,0,1,0,1,7.7,0,38.9,0,32,190.05,0,1041.1,0,873.3,1,1,1,1,0,1,0,1,1,2.04,,3.66,,3.47,2.89,4,0
1450,1,0,1,0,15.65,21.75,0,30.75,0,477.95,612.55,0,855,0,0,0,0,0,0,1,1,1,0,2.75,3.08,,3.43,,4.01,3,1
1451,0,0,1,0,8.95,0,0,9.25,0,369.95,0,0,415,0,0,0,0,0,0,1,1,1,0,2.19,,,2.22,,3.04,3,0
1452,0,0,0,0,12.75,0,0,0,0,274.85,0,0,0,0,0,0,0,0,0,0,0,0,0,2.55,,,,,3.37,1,1
1453,0,0,0,0,3.2,0,0,0,0,36.9,0,0,0,0,0,0,0,0,0,0,0,1,0,1.16,,,,,2.2,1,0
1454,1,1,1,0,12.35,19.75,27.85,14.5,0,585.05,937.85,1359.05,690,0,1,0,0,0,0,0,0,0,1,2.51,2.98,3.33,2.67,,4.93,2,1
1455,1,0,1,1,18.6,46.25,0,14.75,41.2,1007.3,2610.55,0,835,2163.5,0,1,1,0,1,1,1,1,0,2.92,3.83,,2.69,3.72,3.33,4,0
1456,0,0,0,0,3.15,0,0,0,0,54.25,0,0,0,0,0,0,0,0,1,0,0,0,0,1.15,,,,,4.13,1,0
1457,1,0,1,1,4.6,19.75,0,8.75,56.45,140.55,593.75,0,290,1771.1,1,1,1,1,1,1,1,1,0,1.53,2.98,,2.17,4.03,3.61,4,0
1458,0,1,0,0,4.65,0,25.25,0,0,12.3,0,90.5,0,0,1,0,0,0,0,1,0,0,0,1.54,,3.23,,,4.42,2,1
1459,1,0,1,0,14.5,44.25,0,18.25,0,1020.3,3097.25,0,1230,0,0,0,0,0,1,1,1,1,0,2.67,3.79,,2.9,,5.12,3,0
1460,1,1,1,1,5.85,25.5,42.45,13.25,34.15,114.55,656.85,1089.7,310,810.2,1,1,1,1,1,1,1,1,1,1.77,3.24,3.75,2.58,3.53,3.5,4,1
1461,1,0,1,0,7.1,21.25,0,25.25,0,59.3,241.8,0,220,0,0,0,0,1,1,0,1,0,0,1.96,3.06,,3.23,,4.19,1,1
1462,1,0,1,0,7.25,25.5,0,32.5,0,171.85,688.35,0,840,0,0,1,1,0,1,1,1,1,0,1.98,3.24,,3.48,,2.89,4,1
1463,1,0,1,0,8.55,21.75,0,15.5,0,215.95,522.15,0,370,0,0,0,0,0,1,1,0,1,0,2.15,3.08,,2.74,,3,3,0
1464,0,1,1,0,7.9,0,35.2,27.5,0,253.05,0,1087.55,840,0,1,0,0,1,0,0,0,0,1,2.07,,3.56,3.31,,2.94,2,0
1465,1,0,1,1,8.5,27,0,20,31.25,175.3,582,0,440,646.9,0,0,0,0,1,1,1,1,0,2.14,3.3,,3,3.44,3.22,3,0
1466,0,1,1,1,42.85,0,70.05,15,111.95,3080.85,0,5028.65,1020,7856.85,1,1,1,1,0,0,1,1,1,3.76,,4.25,2.71,4.72,4.78,4,0
1467,1,0,1,1,5.25,30,0,21.75,25.75,48.5,293.85,0,205,223.25,0,0,0,1,1,1,1,1,0,1.66,3.4,,3.08,3.25,5.78,3,1
1468,0,0,0,0,6,0,0,0,0,134.7,0,0,0,0,0,0,0,0,0,0,1,0,0,1.79,,,,,3.81,1,0
1469,0,1,1,0,45.4,0,25.75,46.75,0,2973.55,0,1699.85,3065,0,1,0,1,0,0,0,0,0,1,3.82,,3.25,3.84,,5.28,2,0
1470,0,0,0,0,9.35,0,0,0,0,157,0,0,0,0,0,0,0,0,0,0,0,0,0,2.24,,,,,4.03,1,1
1471,0,0,1,0,8.2,0,0,13.75,0,288.4,0,0,480,0,1,0,0,0,0,0,0,0,1,2.1,,,2.62,,3.18,2,0
1472,1,1,0,0,2.4,14.75,27.5,0,0,25.45,72.45,147.4,0,0,0,0,0,0,1,1,1,0,0,0.88,2.69,3.31,,,3.22,3,1
1473,0,1,0,0,6.4,0,31.2,0,0,22.4,0,49.55,0,0,1,1,0,1,0,0,0,0,1,1.86,,3.44,,,3.26,2,1
1474,0,1,0,0,3.2,0,21.6,0,0,24.55,0,98.4,0,0,0,0,0,1,0,0,0,0,1,1.16,,3.07,,,3.5,1,1
1475,1,0,1,1,20,63.5,0,15,36.8,1207.3,3907.8,0,870,2163.75,1,1,1,0,1,1,1,1,1,3,4.15,,2.71,3.61,5.01,4,0
1476,0,0,0,0,8,0,0,0,0,142.05,0,0,0,0,1,0,0,1,1,0,0,0,1,2.08,,,,,4.6,2,1
1477,0,0,1,1,22.8,0,0,5,33.05,1266.1,0,0,310,1746.9,1,1,0,1,1,1,1,1,1,3.13,,,1.61,3.5,3.91,4,0
1478,0,0,1,0,7.4,0,0,11,0,193.65,0,0,290,0,0,0,0,0,0,1,1,1,0,2,,,2.4,,4.39,3,0
1479,0,1,0,0,1.35,0,22.6,0,0,1.35,0,22.6,0,0,1,0,0,0,1,0,0,0,1,0.3,,3.12,,,3.04,2,1
1480,0,0,1,0,18.35,0,0,6,0,1003.2,0,0,325,0,0,0,0,1,0,0,0,0,1,2.91,,,1.79,,5.61,1,0
1481,0,0,0,0,4.4,0,0,0,0,60.65,0,0,0,0,0,0,0,0,0,0,0,0,0,1.48,,,,,3.66,1,0
1482,0,1,0,0,5.8,0,20.85,0,0,86.75,0,288.05,0,0,0,0,0,0,0,0,0,0,1,1.76,,3.04,,,2.83,1,1
1483,0,1,0,0,5.7,0,28.05,0,0,52.95,0,238.9,0,0,1,0,0,1,0,0,0,0,1,1.74,,3.33,,,4.74,2,1
1484,1,0,1,0,3.65,9.5,0,7,0,21,76.05,0,55,0,0,0,0,0,0,1,1,0,0,1.29,2.25,,1.95,,3.3,1,0
1485,1,0,1,0,5.65,24,0,25.5,0,205.75,860.95,0,780,0,0,0,1,0,1,1,1,1,0,1.73,3.18,,3.24,,3.56,3,1
1486,0,1,0,0,4.65,0,30,0,0,11.2,0,68.8,0,0,0,1,0,1,0,0,0,1,1,1.54,,3.4,,,3,1,0
1487,0,0,1,0,8.25,0,0,19.75,0,476.7,0,0,1075,0,0,0,0,0,0,0,0,1,0,2.11,,,2.98,,4.52,1,0
1488,1,0,1,0,9,25.25,0,9,0,464.65,1352.25,0,455,0,0,0,0,0,1,1,1,1,0,2.2,3.23,,2.2,,5.33,3,0
1489,0,0,1,0,34.25,0,0,35.75,0,2472.65,0,0,2770,0,1,0,0,0,0,0,0,0,0,3.53,,,3.58,,3.69,2,0
1490,0,1,0,0,9.5,0,27.35,0,0,196.2,0,401.65,0,0,0,0,0,1,1,1,1,0,0,2.25,,3.31,,,3.69,3,0
1491,1,0,0,0,5.25,24.75,0,0,0,147.95,612.45,0,0,0,0,0,0,0,1,0,0,0,1,1.66,3.21,,,,4.01,1,1
1492,0,0,1,0,8.75,0,0,27,0,337.75,0,0,1070,0,0,0,0,0,0,0,0,0,1,2.17,,,3.3,,3.26,1,0
1493,1,1,1,0,2.8,13.5,29.9,16.5,0,5.3,45.75,83.55,60,0,0,0,1,1,0,1,0,0,0,1.03,2.6,3.4,2.8,,3.71,1,0
1494,1,0,1,1,4.95,22,0,11.25,28.3,71.5,284.7,0,120,315.7,0,0,1,0,0,1,0,0,1,1.6,3.09,,2.42,3.34,5.31,1,1
1495,1,0,1,0,12.85,40.25,0,15,0,687.9,2104.3,0,825,0,0,0,0,0,1,1,1,1,0,2.55,3.7,,2.71,,5.94,3,0
1496,1,0,1,1,10.25,21.5,0,25.75,58.85,160.4,274,0,325,723.35,0,1,1,1,1,1,1,1,1,2.33,3.07,,3.25,4.07,4.64,4,1
1497,0,0,0,0,12.15,0,0,0,0,202.2,0,0,0,0,1,0,0,0,0,0,0,0,1,2.5,,,,,3.18,2,0
1498,1,0,1,1,24.4,41.25,0,9.5,36.7,1701,2799.45,0,615,2481.65,1,1,1,0,1,1,1,1,0,3.19,3.72,,2.25,3.6,4.39,4,0
1499,1,0,1,0,3.25,21,0,15.25,0,29.25,132.2,0,45,0,0,0,0,0,1,1,0,1,0,1.18,3.04,,2.72,,2.83,3,0
1500,1,0,0,0,5.4,16,0,0,0,155,408.05,0,0,0,0,1,0,0,0,1,1,0,0,1.69,2.77,,,,3.81,3,0
1501,0,1,0,0,3.45,0,31.85,0,0,44.45,0,462.75,0,0,1,1,0,0,0,0,0,0,1,1.24,,3.46,,,3.47,2,1
1502,1,1,0,0,8.6,11,30.05,0,0,259.3,335.15,975.8,0,0,1,0,0,0,0,0,0,0,0,2.15,2.4,3.4,,,4.04,2,0
1503,0,1,0,0,6.2,0,21.35,0,0,121.7,0,425.25,0,0,1,0,0,1,0,0,0,0,1,1.82,,3.06,,,4.14,2,1
1504,1,0,1,1,8,32.25,0,18.25,19.45,61.55,264,0,155,153.7,0,1,0,0,1,1,1,1,0,2.08,3.47,,2.9,2.97,3.22,3,0
1505,0,1,0,0,3.4,0,22.7,0,0,7.6,0,35.45,0,0,0,0,0,1,0,1,0,0,1,1.22,,3.12,,,3.09,1,1
1506,0,0,0,0,16.35,0,0,0,0,528.5,0,0,0,0,0,0,0,0,0,0,0,0,0,2.79,,,,,5.04,1,0
1507,0,0,1,0,15.5,0,0,14.25,0,754.8,0,0,625,0,1,0,0,0,0,0,1,0,0,2.74,,,2.66,,3.4,2,0
1508,0,0,0,1,3.45,0,0,0,15.1,6.55,0,0,0,10.45,1,0,1,0,1,1,0,1,1,1.24,,,,2.71,3.83,4,0
1509,0,0,0,0,8.3,0,0,0,0,308.55,0,0,0,0,1,0,0,1,0,0,0,0,1,2.12,,,,,4.22,2,1
1510,0,0,1,0,6.7,0,0,25.25,0,270.2,0,0,1075,0,1,0,0,0,0,0,0,1,0,1.9,,,3.23,,4.2,2,0
1511,1,1,1,1,6.05,25.25,41.55,31.75,36.6,153.05,697.05,1117.15,835,1020.95,1,1,1,0,1,1,1,1,1,1.8,3.23,3.73,3.46,3.6,4.23,4,0
1512,1,1,1,1,6.3,41.25,55.8,20,50.95,279.7,1665,2197.6,830,1956.7,1,1,1,0,1,1,1,1,0,1.84,3.72,4.02,3,3.93,3.85,4,0
1513,0,1,1,0,29.45,0,22.65,19,0,1921.55,0,1515.4,1240,0,1,0,0,0,0,0,0,0,1,3.38,,3.12,2.94,,4.42,2,0
1514,0,1,1,0,4.25,0,19.8,7,0,157.6,0,779.65,275,0,1,0,0,1,0,0,0,0,0,1.45,,2.99,1.95,,3.53,2,0
1515,1,1,1,1,2.7,31.5,36.25,15,23.4,45.6,609.2,654.75,270,422.5,0,1,0,1,1,1,1,1,1,0.99,3.45,3.59,2.71,3.15,3.81,4,1
1516,1,0,1,1,4.3,25.75,0,29,31.9,13.4,159.15,0,165,162,0,1,1,0,1,1,1,1,0,1.46,3.25,,3.37,3.46,3.37,4,0
1517,0,0,0,0,3.3,0,0,0,0,22.1,0,0,0,0,0,0,0,0,0,0,0,1,0,1.19,,,,,3.04,1,0
1518,1,1,0,0,5.15,24.25,28.85,0,0,53.5,294.55,294.35,0,0,1,1,1,1,1,0,1,1,0,1.64,3.19,3.36,,,3.4,4,0
1519,0,1,0,1,5.5,0,46.1,0,35.25,97.15,0,825.45,0,701.05,1,1,1,1,0,1,1,0,1,1.7,,3.83,,3.56,4.36,4,1
1520,1,0,0,0,12.65,34.25,0,0,0,414.9,1119.35,0,0,0,0,0,0,0,1,1,1,1,0,2.54,3.53,,,,4.11,3,0
1521,1,0,1,1,16.85,40.5,0,34.5,39.8,736.45,1817.75,0,1480,1783.15,0,1,1,1,1,1,1,1,0,2.82,3.7,,3.54,3.68,4.5,4,0
1522,0,0,1,0,19.5,0,0,11.75,0,887.7,0,0,530,0,1,0,0,0,0,0,0,0,0,2.97,,,2.46,,3.76,2,0
1523,1,1,1,1,26.05,36.75,41.85,16.25,38.45,1738.15,2589.3,2768.85,1110,2590.2,1,1,0,0,1,1,1,1,0,3.26,3.6,3.73,2.79,3.65,5.71,3,0
1524,0,0,0,0,9.25,0,0,0,0,285.75,0,0,0,0,0,0,0,0,0,0,0,1,0,2.22,,,,,3.47,1,0
1525,1,1,0,0,4.75,23,37.45,0,0,112,626.6,1010.1,0,0,1,0,0,0,0,0,1,1,1,1.56,3.14,3.62,,,3.71,2,0
1526,0,0,1,0,7.05,0,0,20.25,0,400.55,0,0,1150,0,1,1,0,0,0,0,0,0,1,1.95,,,3.01,,4.84,2,0
1527,0,0,1,0,21.7,0,0,52.25,0,1580.4,0,0,3665,0,1,0,0,0,1,1,1,1,0,3.08,,,3.96,,5.6,3,0
1528,0,0,1,0,3.4,0,0,15.75,0,111.5,0,0,440,0,0,1,0,0,0,0,0,1,0,1.22,,,2.76,,3.47,1,1
1529,0,1,1,1,13.05,0,40.6,10.25,40.85,682.2,0,1928.2,545,1964.2,1,1,1,0,1,1,1,1,1,2.57,,3.7,2.33,3.71,3.58,4,0
1530,0,1,0,0,12.25,0,23.9,0,0,416.4,0,793.4,0,0,0,0,0,0,0,0,0,0,1,2.51,,3.17,,,5.68,1,1
1531,0,1,0,0,4.15,0,29.9,0,0,46.35,0,299.65,0,0,0,0,0,1,0,0,0,0,1,1.42,,3.4,,,3.71,1,1
1532,0,0,0,0,4.2,0,0,0,0,22,0,0,0,0,0,0,0,0,0,0,0,0,1,1.44,,,,,3.66,1,0
1533,1,0,1,0,19.2,25.75,0,9.25,0,964.85,1320.05,0,390,0,0,0,0,0,1,0,1,1,0,2.95,3.25,,2.22,,4.06,3,1
1534,0,0,0,0,13.4,0,0,0,0,438.9,0,0,0,0,1,0,0,1,1,0,0,0,0,2.6,,,,,3.33,2,0
1535,1,0,1,0,10.7,23,0,18.75,0,296.75,572.25,0,405,0,0,0,0,0,1,1,1,1,0,2.37,3.14,,2.93,,2.71,3,0
1536,0,0,1,0,6.45,0,0,5.75,0,182.35,0,0,170,0,0,0,0,0,0,1,0,1,0,1.86,,,1.75,,4.65,3,0
1537,1,1,1,1,33.05,21.75,53.55,18.75,48.05,2225.15,1391.6,3532.1,1215,3185.35,1,1,1,1,1,1,1,1,1,3.5,3.08,3.98,2.93,3.87,4.38,4,0
1538,1,0,1,0,25.65,41.75,0,11.75,0,1423,2294.75,0,630,0,1,1,0,0,1,1,1,1,0,3.24,3.73,,2.46,,3.58,3,0
1539,0,1,1,1,7.15,0,44.8,14.25,46.55,160.2,0,817.25,265,893.75,1,1,1,0,1,1,0,1,1,1.97,,3.8,2.66,3.84,4.72,4,0
1540,1,1,1,1,18.45,33.75,56.95,35.5,47.85,742.5,1307.8,2171.65,1385,1867.5,0,1,1,1,1,1,1,1,0,2.92,3.52,4.04,3.57,3.87,4.01,4,0
1541,1,1,1,1,10.75,33.5,35.3,11,44.6,546.65,1772.35,1726.45,615,2407.15,1,1,0,0,1,1,1,1,0,2.37,3.51,3.56,2.4,3.8,3.69,3,0
1542,1,0,1,0,12.95,32.5,0,26.25,0,716.25,1783.55,0,1355,0,1,0,0,0,1,1,1,1,0,2.56,3.48,,3.27,,3.14,3,0
1543,1,1,1,1,8.3,14.75,52,18,47,160.4,359.25,1183.65,430,1117.55,1,1,1,0,1,1,1,1,1,2.12,2.69,3.95,2.89,3.85,3.33,4,1
1544,0,0,1,0,8.8,0,0,20.75,0,264.05,0,0,690,0,0,0,0,0,0,0,0,0,0,2.17,,,3.03,,3.04,1,0
1545,0,0,1,0,13.4,0,0,27.5,0,560.55,0,0,1315,0,1,0,1,0,1,1,1,1,0,2.6,,,3.31,,4.14,3,1
1546,1,1,1,1,8.15,26.5,50.95,31.75,55.55,364.8,1323.5,2289.7,1410,2725.3,1,1,1,1,1,1,1,1,1,2.1,3.28,3.93,3.46,4.02,3.95,4,0
1547,0,0,1,0,11,0,0,8.75,0,476.15,0,0,405,0,0,0,0,0,0,0,0,0,0,2.4,,,2.17,,5.24,1,0
1548,1,1,1,0,18.15,46.25,49.2,21.25,0,958.7,2530.9,2610.6,1105,0,0,0,0,0,1,1,1,1,0,2.9,3.83,3.9,3.06,,3.91,3,1
1549,0,0,0,0,9.85,0,0,0,0,469.1,0,0,0,0,0,0,0,0,0,0,0,0,0,2.29,,,,,3.14,1,0
1550,0,1,0,0,2.45,0,21.9,0,0,19.25,0,65.1,0,0,0,0,0,1,0,0,0,0,1,0.9,,3.09,,,3.5,1,1
1551,0,1,0,0,10.4,0,44,0,0,476.45,0,2096.75,0,0,1,1,0,1,0,0,0,0,1,2.34,,3.78,,,3.37,2,1
1552,0,1,1,1,6.4,0,37.6,22.75,46.2,160.3,0,788.4,450,979.25,1,1,1,1,1,1,1,1,1,1.86,,3.63,3.12,3.83,4.56,4,1
1553,1,1,0,0,14.05,9.25,30.35,0,0,465.2,306.05,916.5,0,0,1,0,0,1,0,0,0,0,1,2.64,2.22,3.41,,,4.38,2,1
1554,1,0,1,0,6.6,43.5,0,29.5,0,350.85,2423.3,0,1685,0,0,0,0,0,1,1,1,1,0,1.89,3.77,,3.38,,4.22,3,0
1555,0,0,0,0,4.2,0,0,0,0,47.45,0,0,0,0,0,0,0,0,0,0,0,0,0,1.44,,,,,3.4,1,0
1556,0,0,1,0,14.6,0,0,29.5,0,785.4,0,0,1600,0,0,0,0,0,0,0,0,0,0,2.68,,,3.38,,3.53,1,0
1557,1,0,1,0,9.05,21.5,0,8,0,333,695.95,0,275,0,0,1,0,0,1,1,1,1,1,2.2,3.07,,2.08,,3.56,3,0
1558,1,0,1,0,8.55,14.75,0,22,0,86.05,142.05,0,200,0,0,0,0,0,1,1,1,1,0,2.15,2.69,,3.09,,3.58,3,0
1559,0,0,1,0,17.25,0,0,17.75,0,1045.7,0,0,1085,0,1,0,0,0,1,0,0,0,1,2.85,,,2.88,,3.56,2,0
1560,1,0,1,1,5.65,36.25,0,19.75,40.4,305.75,1872.75,0,995,2005.45,1,1,1,1,1,1,1,1,0,1.73,3.59,,2.98,3.7,4.13,4,0
1561,0,0,1,0,10.4,0,0,22.5,0,664.65,0,0,1470,0,1,0,0,0,0,0,0,0,0,2.34,,,3.11,,4.54,2,0
1562,1,0,1,1,17.65,28.5,0,41,28.55,950.7,1502.2,0,2170,1524.6,0,1,1,0,1,1,1,1,0,2.87,3.35,,3.71,3.35,4.09,4,0
1563,0,1,0,0,7.9,0,30.15,0,0,196.95,0,672.4,0,0,0,1,0,1,0,0,0,0,1,2.07,,3.41,,,4.77,1,1
1564,1,1,1,0,1.1,5.75,22.8,2.75,0,1.1,5.75,22.8,2.75,0,0,0,0,1,1,0,0,0,1,0.1,1.75,3.13,1.01,,4.91,1,1
1565,1,0,1,0,14,30.75,0,14.75,0,938.35,2128.2,0,965,0,1,0,0,0,1,1,1,1,0,2.64,3.43,,2.69,,4.38,3,0
1566,0,1,0,0,3.65,0,36.45,0,0,38.05,0,235.75,0,0,1,0,0,1,0,0,0,0,1,1.29,,3.6,,,3.04,2,0
1567,0,0,1,0,3.15,173,0,9.5,0,55.55,0,0,175,0,0,0,0,0,0,0,0,0,0,1.15,5.15,,2.25,,3.09,1,0
1568,0,1,1,0,6.2,0,29.55,12.75,0,229.5,0,991.35,415,0,1,0,0,1,0,0,0,1,0,1.82,,3.39,2.55,,4.14,2,0
1569,0,0,0,0,8.45,0,0,0,0,109.85,0,0,0,0,0,0,0,0,0,0,0,0,0,2.13,,,,,4.96,1,1
1570,1,1,1,0,2.1,13.75,25.95,8.75,0,6.9,44.95,82.25,25,0,0,1,0,1,1,0,1,1,0,0.74,2.62,3.26,2.17,,3.47,3,1
1571,0,1,0,0,6.85,0,36.05,0,0,106.5,0,701.5,0,0,1,0,0,1,0,0,0,0,1,1.92,,3.58,,,2.94,2,0
1572,1,1,1,1,20.15,39.25,46.3,17.25,36.4,1443.75,2490.65,2895.25,1055,2322.2,1,1,1,1,1,1,1,1,1,3,3.67,3.84,2.85,3.59,4.09,4,0
1573,0,0,1,0,22.4,0,0,18.5,0,1464.9,0,0,1225,0,0,0,0,0,1,1,1,1,0,3.11,,,2.92,,4.57,3,0
1574,1,1,1,1,5.4,16,39.2,13.75,33.55,83.15,189.45,422.8,140,331.65,0,1,1,1,1,1,1,0,1,1.69,2.77,3.67,2.62,3.51,3.43,4,1
1575,0,1,0,0,6.35,0,19.75,0,0,30.8,0,109.25,0,0,0,0,0,1,0,0,0,0,0,1.85,,2.98,,,3.4,1,1
1576,0,1,0,1,4.6,0,35.45,0,27.7,54.85,0,398.95,0,339.75,0,1,1,1,0,0,0,0,1,1.53,,3.57,,3.32,3.43,1,0
1577,1,1,1,1,2.1,16.25,43.2,12.25,33.6,5.1,31.3,47.05,5,24.2,1,1,1,1,1,1,1,1,1,0.74,2.79,3.77,2.51,3.51,3.78,4,1
1578,0,0,1,0,8.15,0,0,12,0,32.25,0,0,25,0,0,0,0,0,0,0,0,0,0,2.1,,,2.48,,3.64,1,0
1579,1,1,1,1,14.3,19.5,39.6,15.25,28.95,459.05,616.5,1396.3,495,984.1,1,1,1,1,1,1,1,1,1,2.66,2.97,3.68,2.72,3.37,3.14,4,0
1580,0,0,0,0,6.85,0,0,0,0,102.5,0,0,0,0,0,0,0,0,0,1,0,1,0,1.92,,,,,3.61,3,0
1581,0,0,1,0,18.9,0,0,12,0,653.15,0,0,470,0,1,0,0,0,0,0,0,0,1,2.94,,,2.48,,3.26,2,0
1582,0,0,1,0,12.75,0,0,23.75,0,622.15,0,0,1015,0,1,0,0,0,0,1,1,1,0,2.55,,,3.17,,3.64,3,0
1583,1,0,1,1,30.55,46.25,0,26.25,46.7,2291.1,3114.95,0,1805,3292.65,1,0,0,0,1,1,1,1,0,3.42,3.83,,3.27,3.84,5.03,3,0
1584,0,0,0,0,3.4,0,0,0,0,107.85,0,0,0,0,0,0,0,0,0,0,0,0,0,1.22,,,,,3.89,1,0
1585,0,1,1,0,4.95,0,31.55,10.75,0,203.65,0,1301.85,460,0,0,0,0,1,0,0,0,0,1,1.6,,3.45,2.37,,3.93,1,0
1586,1,0,1,0,11.9,25.25,0,8.25,0,524.25,1108.4,0,305,0,1,0,0,0,1,1,1,1,0,2.48,3.23,,2.11,,4.48,3,0
1587,0,0,0,0,5.45,0,0,0,0,165.4,0,0,0,0,0,0,0,0,0,0,0,0,0,1.7,,,,,2.94,1,0
1588,0,0,1,0,5.9,0,0,23,0,277.65,0,0,945,0,0,0,0,0,0,0,0,1,0,1.77,,,3.14,,3.43,1,0
1589,0,1,1,0,6.7,0,20.2,31.25,0,251.35,0,825.15,1240,0,0,0,0,1,0,0,0,0,0,1.9,,3.01,3.44,,4.5,1,1
1590,0,0,0,0,7.2,0,0,0,0,231.75,0,0,0,0,0,0,0,0,0,0,0,0,0,1.97,,,,,2.64,1,0
1591,0,0,1,0,14.6,0,0,14.25,0,912.4,0,0,845,0,0,1,0,1,1,1,0,1,0,2.68,,,2.66,,5.83,3,1
1592,1,0,1,1,3.2,41,0,15.75,35.4,35.5,502,0,210,373,0,1,1,1,1,1,1,1,0,1.16,3.71,,2.76,3.57,3.18,4,0
1593,1,0,1,0,13.85,50.5,0,21,0,583.1,2284.25,0,935,0,0,0,0,0,1,1,1,1,0,2.63,3.92,,3.04,,4.39,3,0
1594,0,0,1,0,18.95,0,0,30.5,0,880.75,0,0,1395,0,0,0,0,0,0,0,0,0,0,2.94,,,3.42,,4.14,1,0
1595,1,0,1,0,7.9,23,0,15.75,0,210.85,515.8,0,345,0,1,0,0,0,1,1,1,0,0,2.07,3.14,,2.76,,3.3,3,0
1596,1,1,1,1,9.55,21.25,59.2,10,79.2,375.4,872.5,2361.9,385,2973,1,1,1,1,1,1,1,1,1,2.26,3.06,4.08,2.3,4.37,3,4,0
1597,0,0,1,0,7.55,0,0,6.5,0,156.15,0,0,105,0,0,1,0,0,1,1,1,0,0,2.02,,,1.87,,3.87,3,0
1598,0,0,0,0,7.3,0,0,0,0,102.4,0,0,0,0,0,0,0,0,1,0,1,1,0,1.99,,,,,4.8,3,0
1599,1,1,0,0,2.1,19.5,27.45,0,0,5.2,81.15,103.45,0,0,1,0,1,0,1,1,1,1,1,0.74,2.97,3.31,,,3.66,4,1
1600,0,0,0,0,3.6,0,0,0,0,35.4,0,0,0,0,0,0,0,0,0,0,0,0,1,1.28,,,,,3.04,1,1
1601,1,1,0,0,7,11,26.25,0,0,29.2,56.45,90.75,0,0,0,0,1,0,0,0,0,0,1,1.95,2.4,3.27,,,3.97,1,1
1602,0,1,0,0,5.05,0,28.65,0,0,85.05,0,523.05,0,0,1,1,0,1,0,1,0,0,0,1.62,,3.36,,,4.06,2,1
1603,0,0,0,0,3.55,0,0,0,0,19.7,0,0,0,0,0,0,0,0,0,0,1,0,0,1.27,,,,,3.66,1,1
1604,1,0,1,0,5.95,21.5,0,11.25,0,117.55,423.6,0,190,0,0,0,0,0,1,1,1,1,0,1.78,3.07,,2.42,,4.68,3,0
1605,0,0,1,0,7.35,0,0,19.25,0,217.45,0,0,600,0,1,0,0,0,0,0,0,0,1,1.99,,,2.96,,3.64,2,0
1606,1,0,1,0,18.45,28.25,0,11,0,961.75,1535.25,0,570,0,1,0,0,0,0,0,0,1,0,2.92,3.34,,2.4,,5.5,2,0
1607,1,0,1,0,11.7,26,0,23.25,0,577.1,1267.2,0,1195,0,0,1,0,0,1,1,1,1,0,2.46,3.26,,3.15,,3.93,3,0
1608,0,0,1,0,13.9,0,0,4.5,0,556.2,0,0,135,0,0,0,0,0,0,0,0,0,0,2.63,,,1.5,,4.36,1,0
1609,1,1,1,1,2.8,16.5,36,37.75,21.7,8.2,74.45,44.4,70,47.9,0,1,1,0,1,1,1,1,1,1.03,2.8,3.58,3.63,3.08,3.14,4,1
1610,0,1,0,0,4.5,0,31.85,0,0,92.65,0,646.05,0,0,0,0,0,1,0,0,0,0,0,1.5,,3.46,,,4.48,1,1
1611,0,0,0,0,6.1,0,0,0,0,89.6,0,0,0,0,1,0,0,0,1,0,1,1,1,1.81,,,,,3.22,3,0
1612,1,0,1,0,44.95,15.75,0,20,0,3002.2,1089.05,0,1295,0,1,0,0,0,0,0,0,0,0,3.81,2.76,,3,,4.29,2,0
1613,1,0,1,0,13.7,16.25,0,6.75,0,371.35,450,0,165,0,0,0,0,0,1,0,0,1,0,2.62,2.79,,1.91,,4.13,3,0
1614,1,0,1,1,22.25,27.5,0,26.75,29.75,1549.95,1782.1,0,1885,2096.55,1,0,0,0,1,1,1,1,0,3.1,3.31,,3.29,3.39,6.12,3,0
1615,0,0,0,0,33.65,0,0,0,0,1871.2,0,0,0,0,0,0,0,0,1,1,1,1,0,3.52,,,,,3.18,3,0
1616,0,1,1,0,6.2,0,28.4,7.25,0,82.6,0,242.9,95,0,0,0,0,1,0,0,0,0,1,1.82,,3.35,1.98,,3.14,1,0
1617,0,0,1,0,2.95,0,0,7.25,0,21.55,0,0,35,0,0,0,0,0,1,0,1,0,0,1.08,,,1.98,,3.83,1,1
1618,1,1,0,1,3.75,17,31.95,0,21.9,59.75,253.35,463.25,0,309.05,0,0,0,0,1,1,1,1,1,1.32,2.83,3.46,,3.09,5.57,3,0
1619,0,1,1,0,16.7,0,32.25,11.75,0,1020.35,0,1939.15,680,0,1,1,0,0,0,0,0,0,0,2.82,,3.47,2.46,,3.53,2,0
1620,1,0,1,1,30.75,22.25,0,12.25,47.4,1829.4,1391,0,670,2962.1,1,1,1,0,1,1,1,1,1,3.43,3.1,,2.51,3.86,3.5,4,0
1621,1,0,1,0,14.75,20.25,0,10.75,0,786.2,1170.75,0,570,0,0,0,0,0,1,0,0,1,0,2.69,3.01,,2.37,,3.61,3,0
1622,0,0,1,0,3.4,0,0,8.25,0,49.7,0,0,160,0,0,0,0,0,1,0,0,0,0,1.22,,,2.11,,5.69,1,0
1623,0,1,0,0,4.1,0,29.35,0,0,64.95,0,514.15,0,0,1,0,0,0,0,0,0,0,1,1.41,,3.38,,,3.26,2,1
1624,0,1,1,0,7.25,0,33.7,18.75,0,263.55,0,1153.35,630,0,1,0,0,1,0,0,0,0,0,1.98,,3.52,2.93,,3.85,2,0
1625,1,1,1,1,16.6,19,58.7,16.5,51.35,520.4,537.4,1712.5,450,1533.9,0,1,1,1,1,1,1,1,1,2.81,2.94,4.07,2.8,3.94,3.43,4,1
1626,0,0,0,0,9.6,0,0,0,0,159.2,0,0,0,0,0,0,0,0,0,1,0,0,0,2.26,,,,,5.58,1,0
1627,1,1,1,1,6.9,15.75,42.75,17.25,30.95,100.9,278.5,615.4,255,450.45,0,1,1,1,1,1,1,1,1,1.93,2.76,3.76,2.85,3.43,3.71,4,1
1628,1,1,1,0,19.6,35.75,34.25,62,0,1411.7,2396.7,2440.55,4125,0,1,0,0,0,0,1,1,0,0,2.98,3.58,3.53,4.13,,4.01,3,0
1629,1,0,1,0,23.1,29.25,0,25.5,0,1566.8,2063.45,0,1750,0,0,0,0,0,0,0,0,0,0,3.14,3.38,,3.24,,3.89,1,0
1630,0,0,0,0,6.05,0,0,0,0,137.7,0,0,0,0,0,0,1,0,0,0,0,0,0,1.8,,,,,3.26,1,1
1631,1,0,1,1,18.05,30.25,0,8.75,30.4,812.65,1472.7,0,475,1503.95,1,0,1,0,1,1,1,1,0,2.89,3.41,,2.17,3.41,4.7,3,0
1632,1,0,1,0,12.8,27.75,0,10.5,0,204.95,520.6,0,170,0,0,0,0,1,0,0,1,0,0,2.55,3.32,,2.35,,4.19,1,0
1633,1,0,1,1,4.05,25.75,0,27.5,22.5,117.05,628.05,0,570,529.1,0,0,1,0,1,1,1,1,0,1.4,3.25,,3.31,3.11,3.66,3,0
1634,1,0,0,1,8.25,24.5,0,0,26.4,140.85,404.8,0,0,447.95,1,1,0,0,1,1,0,1,1,2.11,3.2,,,3.27,3.43,4,1
1635,0,1,0,0,7.65,0,23.25,0,0,75.25,0,169.75,0,0,0,0,0,0,0,0,1,0,0,2.03,,3.15,,,3.26,1,0
1636,1,1,1,1,4.3,23,45.15,22.75,31.3,41.35,357.5,582,305,474.5,0,1,1,1,1,1,1,1,1,1.46,3.14,3.81,3.12,3.44,5.45,4,1
1637,0,1,1,0,9.2,0,37.2,18.75,0,539.65,0,2302.4,1160,0,1,0,0,0,1,0,0,0,0,2.22,,3.62,2.93,,3.76,2,0
1638,0,1,0,1,4.7,0,39.65,0,20.8,26.3,0,318.25,0,135.95,0,1,1,1,0,0,0,0,1,1.55,,3.68,,3.03,3.66,1,1
1639,0,0,1,0,32.65,0,0,41.75,0,2412.6,0,0,3085,0,1,0,0,0,1,1,1,0,0,3.49,,,3.73,,4.29,3,0
1640,1,0,1,0,16.1,36,0,11,0,972,2245.35,0,645,0,0,0,0,0,1,1,1,1,0,2.78,3.58,,2.4,,4.3,3,0
1641,1,1,1,1,6,21.25,34.4,9.75,26.9,164.2,473.4,711.4,215,491.1,0,0,1,1,1,1,1,0,0,1.79,3.06,3.54,2.28,3.29,5.47,4,0
1642,0,0,1,0,3.95,0,0,36.25,0,79.6,0,0,685,0,1,0,0,0,1,1,0,1,0,1.37,,,3.59,,3.09,3,0
1643,1,0,1,0,15.85,24.75,0,8.75,0,757.4,1228.85,0,395,0,0,0,0,0,1,1,1,1,0,2.76,3.21,,2.17,,3.04,3,0
1644,0,0,0,0,4.95,0,0,0,0,14.8,0,0,0,0,0,0,0,0,0,0,0,0,0,1.6,,,,,2.2,1,1
1645,0,1,0,1,4.15,0,39.1,0,27.05,93.25,0,1225.35,0,841.95,0,1,0,1,0,0,0,0,1,1.42,,3.67,,3.3,3.71,1,1
1646,0,1,1,0,7.15,0,24.6,10,0,277.5,0,891.8,355,0,1,0,0,1,0,0,0,0,1,1.97,,3.2,2.3,,3.91,2,1
1647,1,1,1,1,16.5,36,54.2,22.75,28.4,692.2,1540.15,2100.25,910,1199.95,1,1,0,0,1,1,1,1,1,2.8,3.58,3.99,3.12,3.35,3.3,4,0
1648,1,1,1,1,4.15,21.5,43.7,11.75,38.8,34.7,188.35,431.3,110,415.8,1,1,1,1,0,1,1,0,1,1.42,3.07,3.78,2.46,3.66,3.97,4,1
1649,1,0,0,0,5.8,22.5,0,0,0,163.65,566.15,0,0,0,0,0,0,0,1,1,0,1,0,1.76,3.11,,,,4.06,3,0
1650,1,0,0,0,8.25,21.75,0,0,0,186.5,438.4,0,0,0,0,0,0,0,1,0,0,0,0,2.11,3.08,,,,5.02,1,0
1651,1,0,1,1,4.75,26.25,0,48.5,24.45,21.75,115,0,140,50.45,0,1,0,0,1,1,1,1,0,1.56,3.27,,3.88,3.2,3.99,3,0
1652,0,0,0,0,10.05,0,0,0,0,373.75,0,0,0,0,0,0,0,0,0,0,0,0,0,2.31,,,,,3.43,1,1
1653,0,0,1,0,15.1,0,0,18.5,0,494.45,0,0,665,0,0,0,0,0,1,1,1,1,0,2.71,,,2.92,,4.74,3,0
1654,1,0,0,0,7.65,16,0,0,0,177.4,420.65,0,0,0,0,0,0,0,0,0,0,0,0,2.03,2.77,,,,3.18,1,0
1655,0,0,0,0,3.2,0,0,0,0,9.9,0,0,0,0,0,0,0,0,0,0,0,0,0,1.16,,,,,2.83,1,1
1656,1,0,1,0,13.9,32,0,20.25,0,732.2,1671.9,0,1125,0,0,0,0,0,1,1,0,1,0,2.63,3.47,,3.01,,3.85,3,0
1657,1,0,1,0,8.85,19.5,0,53.25,0,77,123.3,0,325,0,0,0,0,0,1,1,1,1,0,2.18,2.97,,3.97,,3.58,3,1
1658,1,1,1,1,6.2,27.5,42.4,40,36.3,45.95,225.85,373.15,340,290.65,0,1,1,1,1,1,1,1,1,1.82,3.31,3.75,3.69,3.59,4.32,4,1
1659,0,1,0,0,3.3,0,30.3,0,0,88.65,0,711.2,0,0,1,0,0,1,0,0,0,0,1,1.19,,3.41,,,3.71,2,0
1660,0,1,0,0,3.7,0,24.3,0,0,48.55,0,243.4,0,0,0,0,0,1,0,0,0,0,1,1.31,,3.19,,,2.89,1,1
1661,1,0,1,0,9.05,18.5,0,8.75,0,385.2,845.65,0,365,0,0,0,0,0,1,1,1,1,0,2.2,2.92,,2.17,,5.14,3,0
1662,0,0,1,0,8.95,0,0,15.25,0,492.35,0,0,855,0,1,0,0,0,0,0,0,0,0,2.19,,,2.72,,3.74,2,0
1663,0,0,0,0,3.2,0,0,0,0,13.55,0,0,0,0,0,0,0,0,0,0,0,0,0,1.16,,,,,3.58,1,0
1664,1,1,0,1,4.4,17.25,35.65,0,42.05,34.65,155.15,237.8,0,288.25,1,1,1,1,1,1,1,1,1,1.48,2.85,3.57,,3.74,3.43,4,1
1665,1,0,1,0,7.45,15.5,0,11.75,0,112.8,280.85,0,150,0,0,0,1,0,0,1,1,1,1,2.01,2.74,,2.46,,5.33,4,0
1666,0,0,1,0,7.3,0,0,33.75,0,231.45,0,0,1050,0,0,0,0,0,0,0,0,0,0,1.99,,,3.52,,3.64,1,0
1667,1,1,1,1,3,30.5,59.3,23.5,60.3,36.2,226.3,459.15,155,444.65,1,1,1,1,1,1,1,1,1,1.1,3.42,4.08,3.16,4.1,4.9,4,1
1668,0,1,0,0,4.5,0,28.5,0,0,36.45,0,230.3,0,0,1,0,0,1,0,0,0,1,1,1.5,,3.35,,,3.33,2,1
1669,0,1,0,0,5.85,0,22.15,0,0,102.45,0,274.7,0,0,1,0,0,0,0,0,0,0,0,1.77,,3.1,,,2.71,2,0
1670,1,1,1,1,14.4,25.75,37.2,57.75,36.95,339.55,591.2,870.05,1415,901.6,1,1,1,1,1,1,1,1,1,2.67,3.25,3.62,4.06,3.61,3.87,4,0
1671,0,0,1,0,37.3,0,0,109.25,0,2686.25,0,0,7515,0,1,0,0,0,0,0,0,0,0,3.62,,,4.69,,2.64,2,0
1672,0,0,1,0,16.35,0,0,17,0,956.85,0,0,925,0,1,0,0,1,0,0,0,0,0,2.79,,,2.83,,4.62,2,0
1673,1,0,1,0,18.9,47.5,0,25,0,1399.3,3310.4,0,1735,0,1,1,0,0,1,1,1,1,0,2.94,3.86,,3.22,,4.47,3,0
1674,0,0,0,0,12.2,0,0,0,0,121.75,0,0,0,0,0,0,0,0,0,0,0,0,0,2.5,,,,,3.3,1,1
1675,0,1,1,1,9.9,0,43.15,5.5,26.9,496.95,0,2054.95,270,1252.85,1,1,1,1,0,0,0,0,1,2.29,,3.76,1.7,3.29,3.3,2,0
1676,1,0,1,1,15.25,32.5,0,21.75,39.3,800.25,1644.05,0,1055,1991.75,1,0,0,0,1,1,0,1,0,2.72,3.48,,3.08,3.67,4.08,3,0
1677,1,1,1,1,4.85,27.5,44.35,23.5,36.85,32.75,285.35,427.75,185,330.55,1,1,1,1,1,1,1,1,1,1.58,3.31,3.79,3.16,3.61,5.68,4,1
1678,0,0,1,1,4.85,0,0,14.25,14.9,68.95,0,0,185,212.25,0,1,0,0,1,1,0,0,0,1.58,,,2.66,2.7,3.78,3,0
1679,1,0,1,0,5.4,20.5,0,23,0,116.2,398.15,0,415,0,0,1,1,0,1,1,1,1,0,1.69,3.02,,3.14,,3.56,4,0
1680,0,1,0,1,5.95,0,38.3,0,32,53.75,0,433.05,0,397.3,1,1,1,1,0,0,0,0,1,1.78,,3.65,,3.47,5.32,2,1
1681,0,0,1,0,10.15,0,0,13.25,0,600.5,0,0,820,0,1,1,0,0,0,0,1,1,1,2.32,,,2.58,,6.6,2,0
1682,1,0,1,0,27,30,0,19.75,0,1722.5,1959.95,0,1245,0,0,0,0,0,1,1,1,1,0,3.3,3.4,,2.98,,4.08,3,0
1683,1,0,1,0,10.2,32.25,0,17.5,0,319.65,885.15,0,500,0,0,0,0,0,1,1,1,1,0,2.32,3.47,,2.86,,3.14,3,0
1684,0,1,1,0,17.9,0,28,15.25,0,982.9,0,1449.6,785,0,0,0,0,1,0,0,1,1,1,2.88,,3.33,2.72,,4.47,1,0
1685,1,0,1,0,33.85,21.75,0,18.25,0,2255.65,1487.7,0,1175,0,0,0,0,0,0,1,1,1,0,3.52,3.08,,2.9,,4.7,3,0
1686,1,0,1,1,4,26.25,0,20.25,21.95,32,131.95,0,50,80.35,0,1,0,1,1,1,1,1,0,1.39,3.27,,3.01,3.09,4.42,3,1
1687,1,1,1,0,16.35,28,23.85,13.25,0,1012.55,1581.7,1395.1,805,0,1,0,0,0,0,0,0,0,1,2.79,3.33,3.17,2.58,,4.14,2,0
1688,0,0,0,0,5.05,0,0,0,0,59.95,0,0,0,0,0,0,0,1,0,0,0,0,0,1.62,,,,,3.09,1,1
1689,1,1,1,1,12.85,28.5,48.75,24,37.15,647.95,1542.25,2570.65,1210,1846.5,1,1,1,1,1,1,1,1,0,2.55,3.35,3.89,3.18,3.61,3.76,4,0
1690,1,0,1,0,21.05,15.5,0,17.25,0,1264,933.8,0,1065,0,1,0,0,1,0,0,0,0,1,3.05,2.74,,2.85,,3.56,2,0
1691,0,0,1,0,17.55,0,0,37,0,1035.95,0,0,2165,0,1,0,0,0,0,0,0,1,0,2.87,,,3.61,,3.87,2,0
1692,1,0,1,0,49.35,27,0,10.25,0,3235.55,1838.2,0,690,0,1,0,0,0,1,1,1,1,0,3.9,3.3,,2.33,,4.23,3,0
1693,0,0,0,0,10.95,0,0,0,0,482.4,0,0,0,0,1,0,0,1,0,0,1,0,0,2.39,,,,,3.26,2,0
1694,0,0,0,0,12.4,0,0,0,0,369.45,0,0,0,0,0,0,0,0,0,0,0,0,0,2.52,,,,,3,1,1
1695,1,0,1,1,12.05,48.25,0,33,28.15,307.75,1079.05,0,820,662.2,0,1,1,0,1,1,1,1,1,2.49,3.88,,3.5,3.34,3.76,4,0
1696,1,0,1,0,49.3,31.75,0,26,0,3417.4,2254.15,0,1835,0,1,0,0,0,0,0,0,1,0,3.9,3.46,,3.26,,3.5,2,0
1697,0,1,1,1,5.15,0,29.15,11.25,28.05,79.05,0,501.05,155,484.2,1,1,1,1,1,0,1,1,1,1.64,,3.37,2.42,3.33,4.19,4,1
1698,0,0,1,0,29.6,0,0,18,0,1872.8,0,0,1160,0,1,0,0,0,0,1,1,1,0,3.39,,,2.89,,2.48,3,0
1699,1,0,1,1,7.35,18.5,0,9.75,23,125.8,265.55,0,150,375.9,0,0,1,1,1,1,1,1,1,1.99,2.92,,2.28,3.14,4.5,4,0
1700,0,0,0,0,7.5,0,0,0,0,258.4,0,0,0,0,1,0,0,0,0,0,0,0,0,2.01,,,,,3.56,2,1
1701,0,1,0,0,7.9,0,21.95,0,0,267.6,0,597.65,0,0,1,0,0,1,0,0,0,0,0,2.07,,3.09,,,3.93,2,1
1702,0,0,0,0,10.5,0,0,0,0,429.1,0,0,0,0,1,0,0,0,0,0,0,0,1,2.35,,,,,4.76,2,0
1703,1,0,1,0,24.4,42.25,0,13.5,0,1567.6,2481.25,0,745,0,0,0,0,0,1,1,1,1,0,3.19,3.74,,2.6,,4.61,3,0
1704,1,0,1,0,6.95,23.25,0,6.5,0,98.5,357.95,0,90,0,0,0,0,0,1,1,1,1,0,1.94,3.15,,1.87,,4.99,3,0
1705,0,0,0,0,1.95,0,0,0,0,1.95,0,0,0,0,0,0,0,0,0,0,0,0,0,0.67,,,,,3.97,1,1
1706,0,1,1,0,16.85,0,36.7,6.5,0,948.3,0,1984.15,365,0,1,1,0,1,0,0,0,0,1,2.82,,3.6,1.87,,4.04,2,0
1707,0,1,0,0,5.35,0,23.55,0,0,38.4,0,131.2,0,0,1,0,0,0,0,0,0,0,1,1.68,,3.16,,,3.61,2,0
1708,0,0,1,0,14.15,0,0,8,0,678.3,0,0,355,0,1,0,0,0,0,1,0,0,0,2.65,,,2.08,,3.74,2,0
1709,1,0,1,0,10.2,24.5,0,13.75,0,326.8,824.25,0,405,0,0,0,0,0,1,1,1,1,0,2.32,3.2,,2.62,,3.91,3,0
1710,1,1,1,1,14.3,55.5,62.15,19.25,83.7,695.2,3086.35,3277.85,1050,4138.55,1,1,1,1,1,1,1,1,1,2.66,4.02,4.13,2.96,4.43,4.01,4,1
1711,1,0,1,0,10.8,22.25,0,9.25,0,407.55,772.5,0,335,0,0,1,1,0,1,1,1,1,0,2.38,3.1,,2.22,,3.74,4,0
1712,0,0,0,0,10.95,0,0,0,0,302.8,0,0,0,0,0,0,0,0,0,0,0,0,0,2.39,,,,,3.61,1,1
1713,1,1,1,1,10.8,35.5,37.5,21,50.9,464.35,1670.95,1766.9,1025,2404.8,1,1,1,1,1,1,1,1,1,2.38,3.57,3.62,3.04,3.93,5.43,4,1
1714,1,1,1,1,28.35,32.75,45.15,39.75,56.55,2017.6,2276.3,3225.45,2845,4109.9,1,1,1,1,1,1,1,1,0,3.34,3.49,3.81,3.68,4.04,5.09,4,0
1715,1,1,1,1,3.25,23,39.35,18.5,30.3,9.35,103.3,190.3,95,154.55,0,0,1,1,1,1,1,1,0,1.18,3.14,3.67,2.92,3.41,3.33,4,0
1716,0,0,0,0,6.4,0,0,0,0,201.4,0,0,0,0,0,0,0,0,0,0,0,0,0,1.86,,,,,4.77,1,0
1717,1,0,1,1,26.85,26,0,43,33.75,1749.6,1629.65,0,2865,2213.65,1,1,0,0,1,1,1,1,1,3.29,3.26,,3.76,3.52,4.74,4,0
1718,1,0,1,0,14.3,35.25,0,18.5,0,332.9,702.05,0,370,0,1,1,0,0,1,1,1,1,0,2.66,3.56,,2.92,,3.61,3,0
1719,1,0,1,0,13.35,39.5,0,21,0,806.35,2493.9,0,1260,0,0,0,0,0,1,1,1,1,0,2.59,3.68,,3.04,,4.53,3,0
1720,1,1,1,1,5.25,21.5,62.4,17,47.8,97.4,419.25,1142.55,275,928.45,1,1,1,1,1,1,1,1,1,1.66,3.07,4.13,2.83,3.87,4.26,4,1
1721,1,0,1,0,3.3,27.5,0,31,0,50.35,531.1,0,540,0,0,0,0,0,0,0,0,1,0,1.19,3.31,,3.43,,3.26,1,0
1722,0,1,0,0,2.4,0,25.25,0,0,22.6,0,183.25,0,0,0,0,0,0,1,0,0,0,0,0.88,,3.23,,,2.64,1,1
1723,0,0,0,0,1.6,0,0,0,0,1.6,0,0,0,0,0,0,0,1,0,0,0,0,0,0.47,,,,,2.89,1,1
1724,1,1,0,1,6.3,19.75,27.35,0,22.65,67.5,175.15,239.4,0,205.15,0,1,1,1,1,1,1,1,1,1.84,2.98,3.31,,3.12,3.58,4,0
1725,0,1,0,0,6.55,0,32.35,0,0,315.2,0,1446.45,0,0,1,0,0,1,0,0,0,0,1,1.88,,3.48,,,3.76,2,1
1726,1,1,1,1,5.8,14.25,33.85,31.5,26.6,138.85,363.75,849.85,775,616.55,0,1,0,0,0,1,1,1,1,1.76,2.66,3.52,3.45,3.28,3.71,3,1
1727,0,0,1,0,11.6,0,0,11.5,0,785.7,0,0,785,0,1,0,0,0,0,0,0,0,0,2.45,,,2.44,,4.19,2,0
1728,1,1,1,0,3.6,17.75,32.35,12,0,136.9,481.7,807.75,320,0,1,1,0,0,0,1,1,1,0,1.28,2.88,3.48,2.48,,3.5,3,1
1729,0,0,0,0,6.45,0,0,0,0,157.3,0,0,0,0,0,0,0,0,1,0,0,0,0,1.86,,,,,3.97,1,0
1730,0,0,1,0,1.8,0,0,10,0,27.1,0,0,140,0,0,0,0,0,1,1,0,0,0,0.59,,,2.3,,3.33,1,0
1731,1,1,0,0,4.85,18,31.75,0,0,89.95,286.4,477.8,0,0,0,0,0,0,0,1,1,0,1,1.58,2.89,3.46,,,4.06,1,0
1732,0,0,0,0,6.1,0,0,0,0,63.8,0,0,0,0,0,0,0,1,0,0,0,1,1,1.81,,,,,4.86,1,0
1733,0,1,1,0,3.3,0,34.25,11.25,0,5.9,0,47.65,5,0,0,1,0,1,1,1,0,1,1,1.19,,3.53,2.42,,4.17,4,1
1734,0,0,1,0,28.75,0,0,7.5,0,1719.2,0,0,415,0,0,0,0,0,0,0,0,0,0,3.36,,,2.01,,5.74,1,0
1735,0,1,0,0,10.8,0,25,0,0,508.8,0,1064.75,0,0,1,0,0,0,0,0,0,0,1,2.38,,3.22,,,4.04,2,0
1736,1,0,1,0,34.25,21,0,20,0,2298.25,1425.35,0,1355,0,1,0,0,0,0,0,0,0,0,3.53,3.04,,3,,3.85,2,0
1737,0,0,1,0,14.85,0,0,13,0,378.85,0,0,345,0,0,0,0,0,0,0,1,0,0,2.7,,,2.56,,3.22,1,0
1738,0,0,0,0,3.85,0,0,0,0,56.3,0,0,0,0,0,0,0,0,1,0,0,0,0,1.35,,,,,3.83,1,1
1739,1,0,1,1,7.9,78.75,0,35,38.8,304.45,3104.5,0,1390,1407.85,0,1,1,0,1,1,1,1,0,2.07,4.37,,3.56,3.66,3.93,4,0
1740,1,0,0,0,8.5,14.25,0,0,0,323.85,590.45,0,0,0,0,0,0,0,1,1,0,0,0,2.14,2.66,,,,2.94,3,0
1741,0,1,0,0,6.75,0,25.8,0,0,195.2,0,780.85,0,0,1,0,0,1,0,0,0,0,1,1.91,,3.25,,,3.26,2,0
1742,1,1,1,1,20.35,29,50.25,20.5,55.9,1263.9,1806.85,3005.2,1140,3353.5,1,1,1,1,1,1,1,1,1,3.01,3.37,3.92,3.02,4.02,4.28,4,0
1743,1,0,1,0,53.65,22.5,0,66.25,0,4036.9,1717.45,0,4585,0,1,0,0,0,1,1,1,0,0,3.98,3.11,,4.19,,4.26,3,0
1744,1,0,0,0,15,29.25,0,0,0,597.2,1250.1,0,0,0,0,1,0,0,0,1,1,0,0,2.71,3.38,,,,3.71,3,0
1745,0,0,0,0,11.25,0,0,0,0,359.35,0,0,0,0,0,0,0,0,0,0,0,1,1,2.42,,,,,3.78,1,0
1746,1,1,1,1,12.9,22.75,43.2,12,41.25,652.9,1108.9,1913.55,570,1905.85,1,1,1,1,1,1,0,1,1,2.56,3.12,3.77,2.48,3.72,5.34,4,1
1747,0,1,1,0,14.95,0,39.25,13.5,0,974.15,0,2383.1,820,0,1,1,0,1,0,0,0,0,1,2.7,,3.67,2.6,,3.81,2,0
1748,0,0,0,0,13.45,0,0,0,0,583.9,0,0,0,0,1,0,0,0,0,0,1,0,0,2.6,,,,,3.66,2,0
1749,0,1,1,0,25.6,0,33,16,0,1759.6,0,2200.15,1020,0,1,0,0,1,0,0,0,0,1,3.24,,3.5,2.77,,4.49,2,0
1750,0,0,0,0,4.2,0,0,0,0,25.25,0,0,0,0,0,0,0,0,0,0,0,0,0,1.44,,,,,2.94,1,0
1751,1,0,1,1,16.1,49,0,18.75,50.6,1120.35,3330.85,0,1320,3229.2,1,1,1,1,1,1,1,1,1,2.78,3.89,,2.93,3.92,2.71,4,1
1752,1,1,1,1,58.65,24,38.2,20.25,48.85,4219.1,1818,2706.6,1335,3401.6,1,1,0,1,1,1,1,1,0,4.07,3.18,3.64,3.01,3.89,4.08,4,0
1753,0,0,1,1,12.05,0,0,10.75,20.25,547.05,0,0,545,1048.4,1,0,0,1,0,1,1,0,1,2.49,,,2.37,3.01,3,2,0
1754,1,0,1,0,9.05,24.75,0,11.5,0,182.95,490.25,0,215,0,0,0,0,0,1,1,1,1,1,2.2,3.21,,2.44,,3.3,3,0
1755,0,0,1,0,43.6,0,0,30,0,3040.8,0,0,2020,0,1,0,0,0,0,0,0,1,0,3.78,,,3.4,,3.87,2,0
1756,0,0,0,0,10.5,0,0,0,0,353,0,0,0,0,0,0,0,1,0,0,0,0,0,2.35,,,,,4.91,1,0
1757,1,1,1,0,18.2,24.75,29.95,9.25,0,1037.65,1568.4,1758.4,570,0,1,0,0,0,1,1,1,1,0,2.9,3.21,3.4,2.22,,2.94,3,1
1758,0,1,1,1,10.6,0,40.4,25.25,23.4,267.3,0,920.15,530,533.85,1,0,1,1,0,0,0,0,1,2.36,,3.7,3.23,3.15,3.33,2,0
1759,0,0,1,0,16.85,0,0,11.25,0,881.65,0,0,595,0,0,0,0,0,0,0,0,0,0,2.82,,,2.42,,2.48,1,0
1760,0,1,1,1,10.7,0,31.65,5.25,19.05,638.55,0,1717.7,290,894.1,1,0,0,1,1,0,0,1,0,2.37,,3.45,1.66,2.95,3.33,2,0
1761,0,1,0,1,9.4,0,39.55,0,29.4,411.15,0,1758.7,0,1159.3,1,1,1,1,1,1,0,0,0,2.24,,3.68,,3.38,2.89,4,0
1762,1,1,1,1,3.65,37,40.3,21.25,43.05,65.15,690.85,742.95,385,741.65,1,1,1,1,1,1,1,1,0,1.29,3.61,3.7,3.06,3.76,4.06,4,1
1763,1,0,1,0,5.55,15.75,0,6.5,0,23.9,62.25,0,25,0,0,0,0,0,1,1,1,1,0,1.71,2.76,,1.87,,4.28,3,0
1764,0,0,1,0,8.2,0,0,11,0,210.25,0,0,265,0,0,0,0,1,0,0,0,0,1,2.1,,,2.4,,4.72,1,1
1765,0,0,1,0,18.45,0,0,19,0,1152.7,0,0,1150,0,1,0,0,0,0,0,0,0,0,2.92,,,2.94,,3.33,2,0
1766,1,1,1,1,6.4,18,43.1,23.75,47.7,71,259,597.8,295,644.35,1,1,1,1,1,1,1,1,1,1.86,2.89,3.76,3.17,3.86,5.99,4,1
1767,1,0,1,1,13.05,44.25,0,17,69.55,760.95,2601.85,0,1050,4154.55,1,1,1,0,1,1,1,1,0,2.57,3.79,,2.83,4.24,4.66,4,0
1768,1,0,1,0,7.25,30.25,0,17.25,0,225.3,906,0,585,0,0,0,0,0,1,1,1,1,0,1.98,3.41,,2.85,,2.3,3,0
1769,0,1,0,0,4.95,0,29.7,0,0,205.65,0,1151.35,0,0,1,0,0,1,0,0,0,0,1,1.6,,3.39,,,4.68,2,1
1770,0,0,1,0,14.3,0,0,11.5,0,567.95,0,0,485,0,0,0,0,0,0,0,0,0,0,2.66,,,2.44,,4.44,1,0
1771,0,0,0,0,5.65,0,0,0,0,126.4,0,0,0,0,1,0,0,1,0,0,0,0,0,1.73,,,,,3.93,2,1
1772,0,0,1,0,2.25,0,0,23.5,0,8,0,0,85,0,0,0,0,0,1,0,1,1,0,0.81,,,3.16,,3.09,3,0
1773,1,0,1,1,4.25,43.25,0,38.75,39.55,184.9,1980.05,0,1655,1655.9,1,1,1,0,1,1,1,1,0,1.45,3.77,,3.66,3.68,4.19,4,0
1774,1,0,1,0,13.9,33.25,0,12.75,0,668.95,1624.6,0,615,0,0,0,0,0,1,1,1,1,0,2.63,3.5,,2.55,,2.3,3,0
1775,1,0,0,0,3.5,19.5,0,0,0,14.2,105.9,0,0,0,0,0,0,0,1,0,1,1,0,1.25,2.97,,,,3.53,3,1
1776,0,0,1,0,51.9,0,0,15.75,0,3438.4,0,0,1075,0,1,0,0,0,0,0,0,0,0,3.95,,,2.76,,4.2,2,0
1777,0,0,1,0,7.25,0,0,8.5,0,200.1,0,0,285,0,0,0,0,0,0,0,0,0,0,1.98,,,2.14,,2.94,1,1
1778,1,1,1,1,10,20.75,53.6,26.5,55.3,313.05,590.9,1481.35,710,1424.2,0,1,1,1,1,1,1,1,1,2.3,3.03,3.98,3.28,4.01,4.85,4,1
1779,1,1,1,1,4.7,24.25,44.65,16.5,32.5,30.75,131.9,184.25,60,106.2,1,1,1,1,1,1,1,1,0,1.55,3.19,3.8,2.8,3.48,3.66,4,0
1780,1,1,1,1,8.25,32.5,35.65,11,33.85,202.55,897.95,903.25,205,805.95,0,1,1,0,1,1,1,1,1,2.11,3.48,3.57,2.4,3.52,4.03,4,0
1781,0,1,0,0,8.65,0,28.95,0,0,133.1,0,450.2,0,0,0,0,0,0,0,0,0,0,1,2.16,,3.37,,,3.81,1,1
1782,0,0,0,0,2.5,0,0,0,0,9.15,0,0,0,0,0,0,0,0,0,0,0,0,0,0.92,,,,,3.22,1,0
1783,1,0,0,0,13.35,22.5,0,0,0,397.4,636.35,0,0,0,0,0,0,1,1,1,0,1,0,2.59,3.11,,,,3.18,3,0
1784,1,0,1,1,10.15,40,0,27.75,38.35,781.7,2912.3,0,2030,2590.65,1,0,1,1,1,1,1,1,0,2.32,3.69,,3.32,3.65,3.97,4,0
1785,0,0,1,0,25.35,0,0,26.75,0,1692,0,0,1755,0,0,0,0,0,0,1,0,0,0,3.23,,,3.29,,3.89,1,0
1786,0,0,1,0,5.55,0,0,11.25,0,133.4,0,0,265,0,0,0,0,0,0,0,0,0,0,1.71,,,2.42,,3.64,1,0
1787,0,1,1,0,11.45,0,28.7,10.5,0,288.05,0,675.4,220,0,0,0,0,1,0,0,0,0,1,2.44,,3.36,2.35,,4.43,1,1
1788,1,0,1,0,13.6,28.75,0,11.75,0,796.4,1625.1,0,660,0,0,0,0,0,1,1,1,1,0,2.61,3.36,,2.46,,4.84,3,0
1789,1,0,1,0,29.2,21.5,0,12.75,0,1726.6,1231.9,0,655,0,1,0,0,0,1,1,0,0,1,3.37,3.07,,2.55,,4.29,2,1
1790,0,0,0,0,9.15,0,0,0,0,387.95,0,0,0,0,1,1,0,1,0,0,0,0,1,2.21,,,,,3.71,2,0
1791,0,0,0,0,4.85,0,0,0,0,88.9,0,0,0,0,1,0,0,0,0,0,0,0,0,1.58,,,,,3.09,2,1
1792,0,1,1,0,11.1,0,25.6,10.5,0,620.75,0,1471.4,625,0,0,0,0,1,0,0,0,0,0,2.41,,3.24,2.35,,3.14,1,0
1793,0,0,1,0,12.65,0,0,11.75,0,488.15,0,0,500,0,1,0,0,0,0,0,0,1,0,2.54,,,2.46,,4.54,2,0
1794,1,1,1,1,9.25,21,41.4,17.75,41,138.5,282.3,634.1,265,595.3,0,1,0,0,1,1,1,1,0,2.22,3.04,3.72,2.88,3.71,3.4,3,1
1795,0,0,0,0,2.3,0,0,0,0,30.5,0,0,0,0,0,0,0,0,0,0,0,1,0,0.83,,,,,3.43,1,1
1796,1,0,1,0,9.9,31.75,0,18,0,608.65,1972.1,0,1070,0,0,0,0,0,1,1,1,1,0,2.29,3.46,,2.89,,5.14,3,0
1797,0,0,1,0,41.15,0,0,33.25,0,3098.55,0,0,2345,0,1,0,0,0,0,0,0,0,0,3.72,,,3.5,,4.62,2,0
1798,1,1,1,1,9.7,21.75,41.75,8.5,61.6,294.8,680.3,1342.05,255,2019.75,1,1,1,1,0,1,0,0,1,2.27,3.08,3.73,2.14,4.12,3.3,4,0
1799,0,0,1,1,30.25,0,0,13.25,42.85,2182.65,0,0,900,2940.35,1,1,1,0,1,1,1,1,0,3.41,,,2.58,3.76,4.58,4,0
1800,1,1,1,1,25,34.25,45,16,53,1636.25,2242.55,2816.25,1005,3538.5,1,1,1,0,1,1,1,1,0,3.22,3.53,3.81,2.77,3.97,6.38,4,0
1801,1,0,1,0,5.4,52,0,34,0,291.5,2794.95,0,1660,0,0,0,0,0,1,1,1,1,0,1.69,3.95,,3.53,,3.22,3,0
1802,1,1,1,1,9.7,21.5,39.9,9.5,42.9,220.75,480.1,857.2,175,883.2,1,0,1,1,1,1,1,1,1,2.27,3.07,3.69,2.25,3.76,3.58,4,0
1803,0,0,0,0,4.4,0,0,0,0,71.2,0,0,0,0,0,0,0,0,1,0,1,0,0,1.48,,,,,3.22,3,0
1804,0,0,1,1,18.35,0,0,19,34.5,893.25,0,0,935,1711.7,0,0,0,0,1,1,1,1,0,2.91,,,2.94,3.54,4.23,3,0
1805,1,0,1,1,5.55,33.75,0,37.25,30,211.05,1129.25,0,1215,946.8,0,0,1,0,1,1,1,1,0,1.71,3.52,,3.62,3.4,3.09,3,0
1806,1,0,1,0,39.1,65,0,39.75,0,2743.65,4748.45,0,2830,0,1,0,0,0,1,1,1,1,0,3.67,4.17,,3.68,,4.2,3,0
1807,0,0,1,1,10,0,0,14,27.15,376.6,0,0,555,1035.5,1,1,0,0,1,1,1,1,0,2.3,,,2.64,3.3,4.29,3,1
1808,0,1,1,1,6.1,0,47,24.25,35.55,175.3,0,1265.65,710,965.9,1,1,1,1,1,0,1,1,1,1.81,,3.85,3.19,3.57,3.09,4,1
1809,0,0,1,0,18.05,0,0,19,0,1140.2,0,0,1135,0,0,0,0,0,1,1,1,1,0,2.89,,,2.94,,2.2,3,0
1810,1,1,1,1,12.7,24.5,39.05,24.25,34.2,763.1,1348.15,2108.1,1310,1848.85,1,0,1,1,1,0,0,0,1,2.54,3.2,3.66,3.19,3.53,4.99,2,0
1811,1,0,1,1,21.5,77.75,0,10.25,64.2,1377,4628.5,0,570,3756.15,0,1,1,0,1,1,1,1,0,3.07,4.35,,2.33,4.16,5.48,4,0
1812,0,0,0,0,10.95,0,0,0,0,263.95,0,0,0,0,0,0,0,0,1,0,0,0,1,2.39,,,,,3.14,1,0
1813,0,0,1,0,5.95,0,0,21.25,0,227.85,0,0,835,0,1,0,0,1,0,0,0,1,0,1.78,,,3.06,,3.37,2,0
1814,0,0,1,0,21.1,0,0,9.75,0,1432.8,0,0,585,0,0,0,0,0,1,0,1,0,0,3.05,,,2.28,,3.47,3,0
1815,1,0,1,0,7.6,33.75,0,14.5,0,240.85,937.85,0,395,0,0,0,1,0,1,1,1,1,0,2.03,3.52,,2.67,,3.4,3,0
1816,1,0,1,0,9.6,21.75,0,17.25,0,272.85,607.95,0,435,0,0,0,0,0,1,1,1,1,0,2.26,3.08,,2.85,,4.04,3,0
1817,1,0,1,1,3.75,22.25,0,23.5,27.1,4.45,44.65,0,15,25.65,0,0,1,0,1,1,1,1,0,1.32,3.1,,3.16,3.3,3,3,1
1818,1,1,1,0,35.85,39.75,34.3,22.25,0,2368.9,2522.75,2170.85,1435,0,1,0,0,0,1,0,1,1,0,3.58,3.68,3.54,3.1,,5.51,3,0
1819,1,1,1,1,3.1,18.5,37.9,22.75,26.4,21.45,114.8,140.35,120,109.6,0,0,1,1,1,1,0,0,1,1.13,2.92,3.63,3.12,3.27,4.08,4,0
1820,1,0,1,0,16.95,43,0,28.5,0,874.45,2007.4,0,1270,0,0,0,0,0,1,0,1,1,0,2.83,3.76,,3.35,,3.18,3,0
1821,0,0,0,0,3.7,0,0,0,0,38.2,0,0,0,0,0,0,0,0,0,0,0,0,0,1.31,,,,,3.22,1,0
1822,0,0,0,0,5.5,0,0,0,0,84.25,0,0,0,0,1,0,0,0,0,0,1,1,0,1.7,,,,,3.61,3,1
1823,1,1,1,1,17.8,23.75,36.3,10.5,31.75,374.05,513.65,738.9,205,642.2,1,1,0,1,0,1,1,0,1,2.88,3.17,3.59,2.35,3.46,3.4,4,0
1824,1,1,1,1,6.45,16.25,48.15,31,34.55,140.85,415.55,1202.65,790,828.25,1,1,1,1,1,1,1,1,1,1.86,2.79,3.87,3.43,3.54,4.19,4,0
1825,0,0,1,0,14.4,0,0,12,0,632.95,0,0,490,0,0,0,0,0,0,0,0,0,0,2.67,,,2.48,,2.77,1,1
1826,1,1,1,1,10.2,24.25,42.85,16,43.35,592.2,1524.8,2444.7,885,2450.9,1,0,1,0,1,0,1,1,1,2.32,3.19,3.76,2.77,3.77,6.06,4,1
1827,0,0,0,0,6.95,0,0,0,0,84.05,0,0,0,0,0,0,0,0,0,0,0,0,0,1.94,,,,,3,1,0
1828,1,1,1,1,12.4,20.5,40.8,18.25,25.15,601.1,993.65,2025.25,870,1217.35,0,0,0,1,1,0,1,1,1,2.52,3.02,3.71,2.9,3.22,5.57,3,0
1829,0,0,0,0,4.15,0,0,0,0,94.25,0,0,0,0,1,0,0,0,0,0,0,0,0,1.42,,,,,3.33,2,0
1830,0,1,0,0,7.1,0,24.95,0,0,120.35,0,401.8,0,0,1,0,0,1,0,0,0,0,1,1.96,,3.22,,,2.89,2,1
1831,1,0,1,1,5.25,15.5,0,31.75,33.95,81.05,237.9,0,490,446.1,0,1,0,0,1,1,1,1,0,1.66,2.74,,3.46,3.52,4.97,3,0
1832,0,0,1,0,13.5,0,0,19,0,901,0,0,1240,0,1,0,0,0,0,0,0,0,0,2.6,,,2.94,,3.5,2,0
1833,0,1,1,0,25.95,0,36.9,18.75,0,1812.15,0,2630.5,1270,0,0,0,0,1,0,0,0,0,1,3.26,,3.61,2.93,,2.94,1,0
1834,0,0,0,0,6.75,0,0,0,0,171.75,0,0,0,0,0,0,0,0,0,0,0,0,0,1.91,,,,,3.4,1,1
1835,1,0,1,1,6.1,22.75,0,13.25,21.35,119.95,441.25,0,290,467.05,0,1,0,0,1,1,0,1,0,1.81,3.12,,2.58,3.06,3.71,3,0
1836,0,0,0,0,5.9,0,0,0,0,48.95,0,0,0,0,0,0,0,0,0,0,0,0,0,1.77,,,,,3,1,1
1837,0,1,1,0,34.65,0,36.45,40.75,0,2519.3,0,2583.9,2910,0,1,0,0,0,1,0,0,0,0,3.55,,3.6,3.71,,4.17,2,0
1838,0,0,1,0,15.25,0,0,4.75,0,522.45,0,0,150,0,0,0,0,0,1,0,0,1,0,2.72,,,1.56,,2.83,3,0
1839,0,0,1,0,8.6,0,0,20.75,0,376.7,0,0,875,0,1,0,0,0,0,1,0,1,0,2.15,,,3.03,,4.19,3,0
1840,1,1,1,1,5.2,19.5,47.25,15.75,39.8,151.7,611.1,1457.95,460,1170.3,0,1,1,1,1,0,1,0,1,1.65,2.97,3.86,2.76,3.68,2.89,4,0
1841,1,0,0,0,5.6,12,0,0,0,30.35,72.5,0,0,0,0,0,0,0,0,0,0,0,0,1.72,2.48,,,,3.26,1,1
1842,0,0,1,0,14.45,0,0,41.5,0,618.1,0,0,1935,0,0,0,0,0,0,1,1,0,0,2.67,,,3.73,,3.83,3,0
1843,0,0,1,0,7.25,0,0,7.5,0,356.15,0,0,375,0,0,0,0,0,0,0,0,0,0,1.98,,,2.01,,2.94,1,0
1844,0,0,0,0,5.25,0,0,0,0,98.2,0,0,0,0,1,0,0,0,0,0,0,0,0,1.66,,,,,4.06,2,0
1845,0,0,1,0,16.65,0,0,71,0,965.6,0,0,4350,0,0,0,0,0,0,0,0,0,0,2.81,,,4.26,,3.22,1,0
1846,0,0,0,0,3.65,0,0,0,0,19.4,0,0,0,0,0,0,0,0,0,0,0,0,0,1.29,,,,,2.71,1,0
1847,0,0,0,0,1.65,0,0,0,0,1.65,0,0,0,0,0,0,0,1,0,0,0,0,1,0.5,,,,,3.56,1,1
1848,1,1,1,1,6.15,23.75,45.4,12.25,37.25,118.15,497.15,878.6,195,763.5,1,1,1,1,1,1,1,1,1,1.82,3.17,3.82,2.51,3.62,3.71,4,1
1849,1,1,0,1,3.6,15.25,41,0,28.05,19.1,122.1,245.65,0,157.15,1,0,1,1,1,1,1,1,1,1.28,2.72,3.71,,3.33,4.26,4,0
1850,1,0,1,1,14.55,69.5,0,20.25,68.3,964.85,4584.8,0,1300,4325.6,0,1,1,0,1,1,1,1,0,2.68,4.24,,3.01,4.22,6.41,4,0
1851,0,1,1,0,16.15,0,35.05,22,0,965.3,0,2337.25,1350,0,1,1,0,0,0,0,1,0,1,2.78,,3.56,3.09,,3.78,2,0
1852,0,0,0,0,2,0,0,0,0,9.9,0,0,0,0,0,0,0,0,1,1,1,0,0,0.69,,,,,3.71,3,1
1853,0,0,1,0,27,0,0,10.75,0,1724.8,0,0,640,0,1,0,0,0,0,0,1,0,1,3.3,,,2.37,,4.42,2,0
1854,0,0,0,0,6.6,0,0,0,0,180.55,0,0,0,0,1,0,1,1,0,0,0,0,0,1.89,,,,,3.33,2,1
1855,0,0,1,0,14.95,0,0,9.5,0,736.85,0,0,480,0,1,0,0,0,0,1,1,0,0,2.7,,,2.25,,4.62,3,0
1856,1,1,1,1,6.4,17.25,36.85,12.75,22,330.95,851.7,1869.4,600,997,1,0,0,0,0,1,1,1,0,1.86,2.85,3.61,2.55,3.09,3.33,3,0
1857,0,0,0,0,11.95,0,0,0,0,390.6,0,0,0,0,0,0,0,0,0,0,0,0,0,2.48,,,,,3.56,1,0
1858,1,0,1,0,7.1,15,0,12.75,0,23.8,70.45,0,25,0,0,0,0,0,1,1,1,0,0,1.96,2.71,,2.55,,3.66,3,1
1859,0,1,1,1,15.25,0,57.45,28.5,67,873.7,0,3404.1,1630,4046.25,1,1,1,1,1,1,1,1,1,2.72,,4.05,3.35,4.2,3.93,4,0
1860,0,0,0,0,5.05,0,0,0,0,38.05,0,0,0,0,0,0,0,0,0,0,0,0,1,1.62,,,,,3.43,1,1
1861,0,0,1,0,7.2,0,0,4.75,0,172.1,0,0,80,0,1,0,0,0,0,0,0,0,1,1.97,,,1.56,,5.34,2,0
1862,1,1,0,0,8.4,17.5,24.8,0,0,136.05,302.5,446,0,0,0,0,0,0,1,1,0,1,0,2.13,2.86,3.21,,,3.61,3,1
1863,1,1,1,1,10.8,58.75,63.25,37.75,109.7,634.75,3525.55,3521.45,2305,6444.95,1,1,1,1,1,1,1,1,1,2.38,4.07,4.15,3.63,4.7,4.16,4,1
1864,1,1,1,1,15.1,36.25,39.9,24,48.8,1017.9,2202.45,2534.25,1620,3242.75,1,1,1,1,1,1,1,1,1,2.71,3.59,3.69,3.18,3.89,4.48,4,1
1865,0,0,1,0,27.35,0,0,13.25,0,1980.15,0,0,895,0,1,0,0,0,0,0,0,0,0,3.31,,,2.58,,4.11,2,0
1866,0,0,1,1,1.95,0,0,27.5,21.5,16.85,0,0,185,157.55,0,1,0,1,1,1,1,1,1,0.67,,,3.31,3.07,4.19,4,0
1867,0,0,1,0,5.05,0,0,8.5,0,178.9,0,0,315,0,0,0,0,0,0,0,0,0,0,1.62,,,2.14,,2.94,1,0
1868,1,0,1,0,6.45,19,0,17,0,104.05,318.75,0,240,0,0,1,1,0,1,1,1,1,0,1.86,2.94,,2.83,,3.74,4,0
1869,1,0,1,0,8.5,20,0,13,0,196.8,480.7,0,275,0,0,0,0,0,1,1,1,0,0,2.14,3,,2.56,,3.71,3,0
1870,0,0,1,0,20.55,0,0,20.75,0,1407.15,0,0,1370,0,1,0,0,0,0,0,0,0,0,3.02,,,3.03,,3.91,2,0
1871,1,1,1,1,3.85,19.25,38.35,7,17.7,26.65,127.5,250.3,40,129.55,1,1,1,1,0,1,0,0,1,1.35,2.96,3.65,1.95,2.87,4.25,4,1
1872,1,0,1,0,38.9,62.5,0,62,0,2711,4387.3,0,4220,0,0,0,0,0,1,1,1,1,0,3.66,4.14,,4.13,,4.44,3,0
1873,1,0,1,1,10.7,33,0,27.5,29.4,192.15,645.65,0,480,528.3,1,1,0,0,1,1,1,1,0,2.37,3.5,,3.31,3.38,3.81,3,1
1874,0,0,1,0,33.95,0,0,24.25,0,1801.3,0,0,1300,0,1,0,0,0,0,0,0,0,0,3.52,,,3.19,,3.3,2,0
1875,0,0,0,0,6,0,0,0,0,222.8,0,0,0,0,0,0,0,0,0,0,0,0,0,1.79,,,,,3.37,1,0
1876,1,0,1,0,34.95,28.75,0,36,0,2506.05,2074.75,0,2560,0,1,0,0,0,0,1,1,1,0,3.55,3.36,,3.58,,3.87,3,0
1877,1,0,1,0,12.6,9.5,0,6.75,0,208,168,0,100,0,0,0,0,0,1,0,1,0,0,2.53,2.25,,1.91,,3.47,3,0
1878,1,0,1,0,4.45,17,0,13.75,0,78.65,287.3,0,245,0,0,0,0,0,1,1,1,0,0,1.49,2.83,,2.62,,3.76,3,0
1879,1,1,1,1,5.45,17.75,44.85,13.5,33.9,102.75,282.2,675.65,235,524.2,0,0,1,0,1,1,1,1,1,1.7,2.88,3.8,2.6,3.52,2.77,4,1
1880,0,0,1,0,5.6,0,0,12.25,0,215.05,0,0,455,0,1,0,0,1,0,0,0,0,1,1.72,,,2.51,,3.09,2,0
1881,0,1,1,1,8.45,0,34.35,14.5,34.1,512.65,0,1793.9,705,1740.7,1,1,0,1,0,0,1,1,1,2.13,,3.54,2.67,3.53,3.69,4,0
1882,1,1,1,1,13.8,31.75,43.65,18.75,66,612.55,1449,1961.75,835,3064.75,1,1,1,1,1,1,1,1,0,2.62,3.46,3.78,2.93,4.19,5.55,4,0
1883,1,0,1,0,7.6,15.25,0,9.75,0,271.55,501.15,0,290,0,0,0,0,1,1,1,1,0,1,2.03,2.72,,2.28,,4.97,3,0
1884,1,0,0,0,5,11.75,0,0,0,119.5,275.05,0,0,0,1,0,0,1,0,0,0,0,1,1.61,2.46,,,,3.81,2,0
1885,0,0,0,1,7.8,0,0,0,24.65,272.75,0,0,0,888.45,1,0,0,1,1,1,1,1,0,2.05,,,,3.2,3.53,3,0
1886,1,0,1,1,11.05,17.25,0,5.5,29.15,497.9,833.85,0,270,1453.85,1,0,0,0,1,1,1,0,0,2.4,2.85,,1.7,3.37,5.51,3,0
1887,1,1,0,1,4.1,14,39.15,0,31.8,62.45,260.05,620,0,521.35,0,1,1,1,0,0,1,0,0,1.41,2.64,3.67,,3.46,3.71,4,0
1888,1,1,1,1,6.05,23.5,36.25,20.5,37.85,90.2,313.8,454.45,260,474,0,1,1,1,1,0,1,1,1,1.8,3.16,3.59,3.02,3.63,3.3,4,0
1889,0,1,1,0,10.3,0,37.6,15.25,0,367.4,0,1106.4,420,0,1,0,0,1,0,0,0,0,0,2.33,,3.63,2.72,,2.83,2,1
1890,1,1,1,1,9,21.25,50.75,57.25,57,194.55,466.9,1053.1,1220,1264.05,1,1,1,1,1,1,1,1,1,2.2,3.06,3.93,4.05,4.04,3.78,4,1
1891,1,0,1,0,12.15,31.75,0,16.25,0,467.75,1167.65,0,595,0,1,1,1,1,1,1,1,1,1,2.5,3.46,,2.79,,4.91,4,0
1892,0,1,1,1,12.65,0,35.1,46.75,29.15,804,0,2099.25,2710,1707.1,1,0,0,1,0,0,0,0,0,2.54,,3.56,3.84,3.37,3.71,2,1
1893,0,0,0,0,13,0,0,0,0,650.85,0,0,0,0,0,1,0,0,1,1,1,1,0,2.56,,,,,6.38,3,0
1894,1,1,1,1,3.35,21,42.4,17.5,59.55,37.7,179.8,329.05,125,482.1,0,1,1,1,1,1,1,1,1,1.21,3.04,3.75,2.86,4.09,3.64,4,1
1895,0,1,1,0,14.3,0,29.25,25.25,0,924.55,0,1963.25,1675,0,1,0,0,1,0,0,0,0,1,2.66,,3.38,3.23,,3.89,2,0
1896,0,1,0,0,4.65,0,26.65,0,0,100.95,0,568.2,0,0,0,0,0,0,0,0,0,1,1,1.54,,3.28,,,3.5,1,0
1897,0,1,0,0,5.95,0,26.55,0,0,73.35,0,300.75,0,0,1,0,0,1,0,0,0,0,0,1.78,,3.28,,,3.58,2,1
1898,1,1,1,1,7.1,16,38.5,18,23.5,205.4,484.9,946.85,435,547.75,1,1,0,1,0,0,0,1,1,1.96,2.77,3.65,2.89,3.16,3.99,2,0
1899,1,1,1,1,2.75,15.75,29.5,9.25,28.55,5.7,49.65,50.5,15,67.7,1,1,1,0,0,0,1,0,1,1.01,2.76,3.38,2.22,3.35,4.06,4,1
1900,0,0,0,0,4.75,0,0,0,0,82.3,0,0,0,0,1,1,0,1,1,1,1,0,1,1.56,,,,,3.14,4,0
1901,1,1,1,1,3.1,16.5,35.25,25.5,40.3,12.9,83,127.35,115,162.75,0,1,1,1,1,1,1,1,0,1.13,2.8,3.56,3.24,3.7,4.57,4,1
1902,1,1,1,1,7.3,29.5,51.2,22,62.8,447.15,1653.9,2986.65,1250,3613.3,1,1,1,1,1,1,1,1,1,1.99,3.38,3.94,3.09,4.14,5.33,4,1
1903,0,0,1,0,10.4,0,0,25.75,0,567.55,0,0,1395,0,0,0,0,0,0,0,0,0,0,2.34,,,3.25,,3.04,1,0
1904,1,0,1,0,10.5,25,0,8.25,0,556.5,1280.9,0,450,0,0,0,1,0,0,0,0,0,1,2.35,3.22,,2.11,,4.78,1,0
1905,0,0,1,0,3.95,0,0,12,0,179.75,0,0,430,0,0,0,0,0,0,0,0,0,0,1.37,,,2.48,,3.22,1,0
1906,1,0,0,0,5.6,9,0,0,0,97.25,191.25,0,0,0,0,0,0,0,1,0,0,1,0,1.72,2.2,,,,4.08,1,0
1907,0,0,0,0,7.1,0,0,0,0,153.4,0,0,0,0,0,0,0,0,0,0,0,0,1,1.96,,,,,3.18,1,0
1908,0,0,0,0,16.1,0,0,0,0,818.45,0,0,0,0,1,0,0,0,0,0,0,0,1,2.78,,,,,4.73,2,0
1909,1,0,1,0,4.7,19,0,9.25,0,32.95,106.85,0,30,0,0,0,0,0,1,1,1,1,0,1.55,2.94,,2.22,,3.09,3,0
1910,0,0,0,0,3.85,0,0,0,0,62.75,0,0,0,0,0,0,0,0,0,0,0,0,0,1.35,,,,,2.4,1,0
1911,1,0,1,1,22.05,18.75,0,7.5,24.95,1042.95,830.75,0,345,1124.25,1,0,0,0,1,1,1,1,0,3.09,2.93,,2.01,3.22,3.5,3,0
1912,1,1,0,1,6.95,21.25,37.95,0,36.65,121.45,371.2,523.75,0,620.3,1,1,1,1,0,1,1,1,1,1.94,3.06,3.64,,3.6,5.32,4,1
1913,0,1,0,0,9.2,0,30.45,0,0,347.1,0,1158.9,0,0,1,0,0,0,1,0,0,0,1,2.22,,3.42,,,3.71,2,1
1914,1,0,0,0,3.15,10.75,0,0,0,29.05,83.55,0,0,0,0,0,0,0,0,0,0,0,0,1.15,2.37,,,,3.66,1,0
1915,1,0,1,1,17.3,25.75,0,23,37.4,840,1396.75,0,1155,1832.25,1,0,1,0,1,1,1,1,0,2.85,3.25,,3.14,3.62,4.67,3,0
1916,1,0,1,0,17.8,44.25,0,32,0,1218,3058.5,0,2305,0,1,1,0,0,1,1,1,1,0,2.88,3.79,,3.47,,5.29,3,0
1917,0,1,1,0,14.15,0,34.2,9.5,0,752.9,0,1988.65,560,0,1,1,0,1,0,0,0,0,1,2.65,,3.53,2.25,,4.61,2,0
1918,1,0,1,1,14.85,57.5,0,15,39.5,1104.4,3926.65,0,990,2798.25,1,0,1,0,1,1,1,1,0,2.7,4.05,,2.71,3.68,7.03,3,0
1919,1,0,1,0,31.9,53.25,0,16.5,0,1892.85,3232.05,0,890,0,1,0,0,0,1,1,1,1,0,3.46,3.97,,2.8,,5.89,3,0
1920,1,1,1,1,12.85,24.25,49.2,14.25,42.85,599.05,1238.2,2498.35,725,2032.3,1,1,1,0,1,1,1,1,1,2.55,3.19,3.9,2.66,3.76,5.09,4,0
1921,0,1,0,0,1.45,0,25.25,0,0,1.45,0,25.25,0,0,0,0,0,1,0,0,0,0,1,0.37,,3.23,,,3.37,1,1
1922,0,1,0,0,7.4,0,35.4,0,0,91.7,0,483.5,0,0,1,1,0,1,1,0,1,0,1,2,,3.57,,,3.64,4,1
1923,0,1,1,0,62.3,0,35.65,65.25,0,4333,0,2477.1,4915,0,1,0,0,0,1,1,0,0,1,4.13,,3.57,4.18,,4.41,2,0
1924,0,0,1,0,25.2,0,0,36.25,0,1714.7,0,0,2470,0,0,0,0,0,1,0,1,0,0,3.23,,,3.59,,5.07,3,1
1925,1,0,1,0,7.65,28,0,18.5,0,237.85,895.05,0,595,0,0,0,1,0,1,1,1,1,0,2.03,3.33,,2.92,,5.3,3,0
1926,1,0,1,0,9.55,20.5,0,34.75,0,172.55,398.95,0,620,0,0,1,0,0,1,1,1,1,0,2.26,3.02,,3.55,,3.3,3,1
1927,0,1,1,1,8.7,0,47.15,11.75,47.5,356.45,0,1872.7,415,1932.35,1,1,0,1,1,0,0,1,1,2.16,,3.85,2.46,3.86,4.04,4,0
1928,0,0,1,0,15.7,0,0,8.5,0,815.05,0,0,400,0,0,0,0,0,0,1,0,0,0,2.75,,,2.14,,3.81,1,0
1929,1,0,1,0,4.8,28,0,19,0,157.25,952.9,0,600,0,0,1,0,0,1,1,1,1,0,1.57,3.33,,2.94,,2.83,3,1
1930,1,0,1,0,4.25,29,0,12,0,102.45,729.15,0,300,0,0,0,0,0,1,1,1,1,0,1.45,3.37,,2.48,,4.11,3,0
1931,1,0,1,0,7.05,27.5,0,17.5,0,269,1046.2,0,640,0,0,1,1,0,1,1,1,1,0,1.95,3.31,,2.86,,6.04,4,0
1932,1,0,1,1,43.25,50.5,0,19.25,44.9,3115,3669,0,1315,3120.35,1,0,1,1,1,1,1,0,0,3.77,3.92,,2.96,3.8,5.02,4,0
1933,1,0,1,1,2.8,22.75,0,13.75,30.2,9.35,103.45,0,40,76.9,0,1,1,1,1,1,1,1,0,1.03,3.12,,2.62,3.41,3.64,4,1
1934,1,0,1,1,21.95,40.25,0,25.75,21.8,1248.25,2030.2,0,1355,1121.05,1,0,0,0,1,1,1,1,0,3.09,3.7,,3.25,3.08,5.02,3,0
1935,1,1,1,1,5.95,25.75,45.4,16.75,37.7,207.7,805.85,1498.85,540,1257.7,1,0,1,1,1,1,1,1,1,1.78,3.25,3.82,2.82,3.63,3.14,4,0
1936,1,0,1,1,4.55,16,0,19.25,27.05,115.65,288.75,0,365,511.25,0,0,0,1,1,0,1,0,1,1.52,2.77,,2.96,3.3,3.5,1,0
1937,0,0,1,0,6.5,0,0,14.5,0,86.7,0,0,180,0,0,0,0,0,0,0,0,0,0,1.87,,,2.67,,3.26,1,0
1938,1,0,1,0,17.35,35,0,29.25,0,988.8,2166.8,0,1805,0,0,0,0,0,1,1,0,1,0,2.85,3.56,,3.38,,4.49,3,0
1939,0,0,1,0,3.75,0,0,15.75,0,12.4,0,0,35,0,0,1,0,1,0,1,0,0,0,1.32,,,2.76,,3.22,1,1
1940,1,0,1,0,7.85,20.25,0,14,0,104.9,349.4,0,180,0,0,0,0,0,1,1,1,1,0,2.06,3.01,,2.64,,4.08,3,1
1941,0,0,0,0,4.85,0,0,0,0,55.65,0,0,0,0,0,0,0,0,0,0,0,0,1,1.58,,,,,4.01,1,0
1942,0,1,1,0,9.95,0,28.65,23.5,0,558.15,0,1533.1,1170,0,1,0,0,1,0,0,0,0,1,2.3,,3.36,3.16,,3.22,2,1
1943,1,0,1,1,16.4,38.25,0,55.5,57.05,933.1,2355.4,0,3145,3247.95,1,1,1,1,1,1,1,1,1,2.8,3.64,,4.02,4.04,3.66,4,1
1944,0,1,1,1,10.55,0,31.95,32.75,23.65,290.25,0,732.95,770,578.45,0,1,0,0,1,0,0,1,0,2.36,,3.46,3.49,3.16,4.03,3,0
1945,1,0,1,0,23.9,27.5,0,15,0,1684.05,1935.15,0,1030,0,1,0,0,0,1,1,1,1,0,3.17,3.31,,2.71,,5.04,3,0
1946,1,1,0,1,4.3,23.25,51.6,0,60.35,88.5,520.45,1013.3,0,1230.7,1,1,1,1,1,1,0,1,1,1.46,3.15,3.94,,4.1,4.78,4,1
1947,1,1,1,1,10.2,26.5,40.2,11.5,23.2,393.55,1316.7,1832,510,948.75,0,0,0,0,1,1,1,1,1,2.32,3.28,3.69,2.44,3.14,4.16,3,0
1948,0,0,1,0,10.3,0,0,14.25,0,659.55,0,0,975,0,1,0,1,1,0,0,0,0,0,2.33,,,2.66,,5.81,2,0
1949,1,1,1,1,32.65,33,54,29.25,50.65,2321.8,2378.2,3649.6,2055,3475.45,1,1,1,1,1,1,1,1,0,3.49,3.5,3.99,3.38,3.92,3.26,4,0
1950,0,1,0,1,6.85,0,42.1,0,25.15,285.55,0,1642.15,0,954,1,0,0,1,0,1,0,1,1,1.92,,3.74,,3.22,3.5,2,0
1951,0,1,0,0,5.1,0,27.15,0,0,74.1,0,434.15,0,0,0,0,0,0,0,0,0,0,1,1.63,,3.3,,,3.83,1,0
1952,1,0,1,0,7.55,16.25,0,10.25,0,353.3,638.25,0,490,0,0,1,1,1,1,1,1,1,1,2.02,2.79,,2.33,,3.71,4,0
1953,0,0,1,0,11.95,0,0,28.25,0,540.5,0,0,1355,0,0,0,0,0,0,0,1,1,0,2.48,,,3.34,,3.43,3,0
1954,1,1,1,1,4.95,32,53.25,35.75,50.45,62.1,323.8,420.55,285,416,1,1,1,1,1,1,1,1,1,1.6,3.47,3.97,3.58,3.92,3.37,4,0
1955,1,1,1,1,3.85,28,37.65,9,41.4,27.95,218.9,256.3,65,237.25,1,1,1,0,1,1,1,1,1,1.35,3.33,3.63,2.2,3.72,4.54,4,0
1956,0,0,1,0,30.9,0,0,19.75,0,2123.6,0,0,1305,0,0,0,0,0,0,0,1,0,0,3.43,,,2.98,,5.66,1,0
1957,0,0,0,0,5,0,0,0,0,69.6,0,0,0,0,0,0,0,0,0,0,0,0,0,1.61,,,,,3.43,1,0
1958,1,0,1,0,1.9,20.75,0,15.5,0,19.3,114.4,0,95,0,0,0,0,0,1,1,1,1,0,0.64,3.03,,2.74,,3.22,3,0
1959,1,0,1,0,10.1,39,0,18,0,449.7,1829.75,0,775,0,0,0,1,0,1,1,1,1,0,2.31,3.66,,2.89,,5.59,3,0
1960,1,0,1,0,17.6,22,0,21.75,0,961.9,1125.25,0,1075,0,0,1,0,0,1,1,1,1,0,2.87,3.09,,3.08,,5.31,3,0
1961,1,1,0,1,3.6,12.5,28.5,0,19.3,16.1,46.7,143.65,0,86.15,0,1,0,0,0,1,1,0,1,1.28,2.53,3.35,,2.96,3.09,1,1
1962,0,0,1,0,14.65,0,0,41.25,0,719.5,0,0,1980,0,0,0,0,0,0,0,0,0,0,2.68,,,3.72,,3.22,1,0
1963,0,0,0,0,12.25,0,0,0,0,575.6,0,0,0,0,1,0,0,1,0,1,0,0,1,2.51,,,,,5.4,2,0
1964,0,1,0,0,9.45,0,29.2,0,0,214.7,0,697.05,0,0,0,0,1,0,0,0,0,0,1,2.25,,3.37,,,4.33,1,0
1965,1,0,1,1,5.4,38.75,0,17.75,50.2,81.55,908.35,0,290,1147.4,0,1,1,1,1,1,1,1,1,1.69,3.66,,2.88,3.92,4.01,4,1
1966,1,1,1,1,20.7,34.75,48.65,32.25,48.65,1082.4,1711.75,2496.35,1600,2353.35,1,1,1,1,1,1,1,1,0,3.03,3.55,3.88,3.47,3.88,3.83,4,0
1967,0,1,1,1,4.75,0,46.3,21.75,37.7,97.85,0,804.35,445,692.95,1,1,1,1,1,1,1,1,1,1.56,,3.84,3.08,3.63,4.03,4,1
1968,1,1,1,1,5.8,27.75,33.75,30.75,25.9,44.55,246,246.85,230,186.8,0,1,0,0,1,1,1,1,0,1.76,3.32,3.52,3.43,3.25,4.37,3,1
1969,0,0,0,0,3.15,0,0,0,0,45.35,0,0,0,0,0,0,0,0,0,0,0,0,0,1.15,,,,,3.93,1,0
1970,1,0,1,0,12.7,38.25,0,33.75,0,767.75,2239.7,0,1880,0,0,0,0,0,1,1,1,1,0,2.54,3.64,,3.52,,4.11,3,0
1971,0,0,0,0,10.2,0,0,0,0,445.7,0,0,0,0,0,0,0,0,0,0,0,0,0,2.32,,,,,3.71,1,0
1972,0,1,0,0,3.1,0,21.35,0,0,22,0,196.15,0,0,0,0,0,0,0,0,0,0,1,1.13,,3.06,,,3.91,1,1
1973,0,0,1,0,12.1,0,0,15.75,0,751.75,0,0,910,0,0,0,0,0,1,0,1,1,0,2.49,,,2.76,,4.41,3,0
1974,1,0,1,1,32.55,35.5,0,14.75,40.75,2361.35,2535.4,0,1060,2886.05,1,0,0,0,1,1,1,1,0,3.48,3.57,,2.69,3.71,4.68,3,0
1975,1,0,1,0,16.1,14,0,11.75,0,938.65,822.35,0,630,0,0,0,0,0,0,1,1,1,0,2.78,2.64,,2.46,,2.64,3,0
1976,0,0,1,0,15.1,0,0,7.5,0,901.05,0,0,395,0,1,0,0,1,0,0,0,1,0,2.71,,,2.01,,3.83,2,0
1977,1,0,1,0,8.8,37.75,0,22,0,293.65,1377.85,0,785,0,0,0,0,0,1,1,1,1,0,2.17,3.63,,3.09,,3.83,3,0
1978,0,0,1,0,20.25,0,0,37.75,0,869.75,0,0,1640,0,0,0,0,0,0,0,0,0,1,3.01,,,3.63,,4.98,1,0
1979,0,0,1,0,15.2,0,0,14.25,0,736.75,0,0,615,0,0,0,0,1,0,0,0,0,0,2.72,,,2.66,,3.58,1,0
1980,1,0,1,0,17.35,24.5,0,14.25,0,973.1,1343.5,0,720,0,0,0,0,0,0,0,1,1,0,2.85,3.2,,2.66,,4.42,3,0
1981,1,0,0,0,5.2,18.5,0,0,0,89,462.25,0,0,0,1,1,0,0,0,1,0,0,0,1.65,2.92,,,,2.83,2,1
1982,0,1,0,1,4.2,0,34.05,0,16.85,4.2,0,34.05,0,16.85,0,1,0,1,0,0,0,1,1,1.44,,3.53,,2.82,2.89,1,1
1983,1,0,1,0,6,28,0,12.75,0,203.25,959.4,0,435,0,0,0,0,0,0,1,1,1,0,1.79,3.33,,2.55,,3.18,3,0
1984,1,0,0,0,4.9,14.5,0,0,0,78.2,230.35,0,0,0,0,0,0,0,0,0,0,0,0,1.59,2.67,,,,3.87,1,0
1985,1,0,1,0,3.85,23.75,0,12.5,0,29.9,128.45,0,80,0,0,0,0,0,1,1,1,1,0,1.35,3.17,,2.53,,3.85,3,0
1986,1,0,1,1,8.7,47.75,0,32.75,64,186.6,1152.9,0,780,1542.9,0,1,1,1,1,1,1,1,1,2.16,3.87,,3.49,4.16,3.22,4,1
1987,1,1,1,1,2.55,23.5,29.6,10.75,19.2,2.7,80.5,66.55,10,29.7,0,1,1,0,1,0,1,1,0,0.94,3.16,3.39,2.37,2.95,4.08,4,1
1988,0,1,1,0,3.65,0,34.2,29,0,8.85,0,116.2,80,0,0,1,0,1,1,0,1,1,1,1.29,,3.53,3.37,,3.81,4,1
1989,1,0,1,0,39,31.25,0,14.75,0,2914,2176.85,0,1070,0,1,0,0,0,0,0,0,1,1,3.66,3.44,,2.69,,5.09,2,0
1990,1,0,0,0,7.5,20.25,0,0,0,342.2,861.95,0,0,0,1,0,0,0,1,1,0,0,0,2.01,3.01,,,,4.14,3,1
1991,1,0,1,0,15,45.25,0,52.75,0,817.85,2320.25,0,2645,0,0,0,0,0,1,1,1,1,0,2.71,3.81,,3.97,,3.3,3,0
1992,0,1,1,1,16.85,0,42.55,26.5,44.1,1063.15,0,2544.35,1600,2540.2,1,0,0,1,0,0,1,0,1,2.82,,3.75,3.28,3.79,5.25,2,0
1993,1,0,1,0,4.95,19,0,13.5,0,153.5,649.35,0,430,0,0,0,0,1,1,0,1,1,0,1.6,2.94,,2.6,,4.66,3,0
1994,1,0,1,1,5.2,23.5,0,23.75,39.25,149.2,670.1,0,610,1004.35,0,0,1,0,1,1,1,1,1,1.65,3.16,,3.17,3.67,3.26,4,1
1995,1,1,0,1,3.7,16.5,42.5,0,33.1,40.55,207.35,547.95,0,475.3,1,1,1,1,1,0,1,1,1,1.31,2.8,3.75,,3.5,4.14,4,1
1996,0,1,0,0,3,0,29.05,0,0,32.25,0,265.95,0,0,0,0,0,0,0,0,0,0,1,1.1,,3.37,,,3.3,1,0
1997,0,1,0,0,4.65,0,25.6,0,0,29.35,0,179.1,0,0,0,0,0,0,0,0,0,0,0,1.54,,3.24,,,3.09,1,0
1998,1,1,1,1,26.75,32,54.55,35.75,65.8,1837.55,2117.65,3636.6,2360,4392.85,1,1,1,1,1,1,1,1,1,3.29,3.47,4,3.58,4.19,6.85,4,0
1999,1,0,1,0,25.6,33.5,0,25.25,0,1841.85,2368.2,0,1705,0,0,1,0,0,1,1,1,1,0,3.24,3.51,,3.23,,4.47,3,0
2000,0,1,1,0,13.15,0,33.6,16.25,0,665.4,0,1651.9,745,0,1,0,0,1,0,0,0,0,1,2.58,,3.51,2.79,,3.66,2,1
